Full Name,match_phase,total_runs,balls_faced,boundaries,wickets,fours,sixes,strike_rate,boundary_pct,wicket_pct,dot_ball_pct,adaptability_index,adaptability_label,playing_role
AB de Villiers,Death,54,18,8,1,1,7,300.0,44.44,5.56,11.11,0.657,Moderate,wicketkeeper batter
AB de Villiers,Middle,51,36,5,2,3,2,141.67,13.89,5.56,25.0,0.355,Moderate,wicketkeeper batter
AB de Villiers,Powerplay,6,7,1,0,1,0,85.71,14.29,0.0,57.14,0.227,Low,wicketkeeper batter
Aamir Kaleem,Middle,0,5,0,2,0,0,0.0,0.0,40.0,100.0,0.0,Low,middle-order batter
Aaron Finch,Death,27,16,3,2,2,1,168.75,18.75,12.5,12.5,0.426,Moderate,top-order batter
Aaron Finch,Middle,89,91,8,3,6,2,97.8,8.79,3.3,36.26,0.267,Low,top-order batter
Aaron Finch,Powerplay,186,151,25,6,15,10,123.18,16.56,3.97,50.33,0.291,Low,top-order batter
Aaron Johnson,Middle,31,26,4,2,0,4,119.23,15.38,7.69,57.69,0.268,Low,batter
Aaron Johnson,Powerplay,64,47,12,2,12,0,136.17,25.53,4.26,51.06,0.332,Moderate,batter
Aaron Jones,Death,52,27,7,0,3,4,192.59,25.93,0.0,18.52,0.463,Moderate,top-order batter
Aaron Jones,Middle,79,41,11,1,3,8,192.68,26.83,2.44,34.15,0.435,Moderate,top-order batter
Aaron Jones,Powerplay,10,19,1,0,0,1,52.63,5.26,0.0,78.95,0.119,Low,top-order batter
Aaron Phangiso,Death,4,5,0,0,0,0,80.0,0.0,0.0,20.0,0.252,Low,bowler
Aasif Sheikh,Powerplay,4,8,1,1,1,0,50.0,12.5,12.5,87.5,0.12,Low,wicketkeeper batter
Aayan Afzal Khan,Death,5,7,0,1,0,0,71.43,0.0,14.29,57.14,0.168,Low,bowling allrounder
Aayan Afzal Khan,Middle,19,21,1,1,1,0,90.48,4.76,4.76,42.86,0.233,Low,bowling allrounder
Abinash Bohara,Death,0,1,0,1,0,0,0.0,0.0,100.0,100.0,0.0,Low,bowler
Adam Milne,Death,2,2,0,1,0,0,100.0,0.0,50.0,50.0,0.215,Low,bowler
Adam Zampa,Death,4,7,0,1,0,0,57.14,0.0,14.29,57.14,0.152,Low,bowler
Adil Rashid,Death,7,6,0,0,0,0,116.67,0.0,0.0,0.0,0.335,Moderate,bowler
Afif Hossain,Death,70,57,7,7,6,1,122.81,12.28,12.28,26.32,0.326,Low,allrounder
Afif Hossain,Middle,69,56,6,3,4,2,123.21,10.71,5.36,26.79,0.321,Low,allrounder
Afif Hossain,Powerplay,6,8,0,1,0,0,75.0,0.0,12.5,62.5,0.162,Low,allrounder
Ahmed Shehzad,Middle,62,57,7,3,7,0,108.77,12.28,5.26,33.33,0.296,Low,opening batter
Ahmed Shehzad,Powerplay,45,47,6,1,6,0,95.74,12.77,2.13,44.68,0.259,Low,opening batter
Aiden Markram,Death,79,44,10,3,5,5,179.55,22.73,6.82,25.0,0.425,Moderate,opening batter
Aiden Markram,Middle,158,109,17,3,12,5,144.95,15.6,2.75,21.1,0.372,Moderate,opening batter
Aiden Markram,Powerplay,50,61,7,4,6,1,81.97,11.48,6.56,63.93,0.201,Low,opening batter
Aizaz Khan,Death,9,7,1,0,1,0,128.57,14.29,0.0,28.57,0.334,Moderate,allrounder
Ajay Lalcheta,Death,6,3,1,0,1,0,200.0,33.33,0.0,0.0,0.531,Moderate,batting allrounder
Ajay Lalcheta,Middle,1,5,0,1,0,0,20.0,0.0,20.0,80.0,0.063,Low,batting allrounder
Ajinkya Rahane,Death,0,1,0,1,0,0,0.0,0.0,100.0,100.0,0.0,Low,top-order batter
Ajinkya Rahane,Middle,28,23,1,0,1,0,121.74,4.35,0.0,17.39,0.319,Low,top-order batter
Ajinkya Rahane,Powerplay,12,11,1,0,1,0,109.09,9.09,0.0,27.27,0.299,Low,top-order batter
Akeal Hosein,Death,21,17,2,0,2,0,123.53,11.76,0.0,29.41,0.319,Low,bowler
Akeal Hosein,Middle,25,33,1,1,0,1,75.76,3.03,3.03,51.52,0.193,Low,bowler
Al-Amin Hossain,Death,0,1,0,1,0,0,0.0,0.0,100.0,100.0,0.0,Low,bowler
Al-Amin Hossain,Middle,0,1,0,0,0,0,0.0,0.0,0.0,100.0,0.0,Low,bowler
Alasdair Evans,Death,0,2,0,2,0,0,0.0,0.0,100.0,100.0,0.0,Low,bowler
Alei Nao,Death,7,14,0,1,0,0,50.0,0.0,7.14,57.14,0.143,Low,bowler
Alei Nao,Middle,10,9,2,0,2,0,111.11,22.22,0.0,55.56,0.284,Low,bowler
Alex Hales,Death,5,2,1,0,1,0,250.0,50.0,0.0,0.0,0.638,Moderate,opening batter
Alex Hales,Middle,86,75,8,5,4,4,114.67,10.67,6.67,36.0,0.292,Low,opening batter
Alex Hales,Powerplay,186,125,29,5,22,7,148.8,23.2,4.0,41.6,0.358,Moderate,opening batter
Alishan Sharafu,Death,4,4,0,1,0,0,100.0,0.0,25.0,25.0,0.265,Low,opening batter
Alpesh Ramjani,Powerplay,13,18,2,3,2,0,72.22,11.11,16.67,61.11,0.194,Low,allrounder
Alzarri Joseph,Death,6,6,1,1,1,0,100.0,16.67,16.67,50.0,0.265,Low,bowler
Alzarri Joseph,Middle,0,1,0,1,0,0,0.0,0.0,100.0,100.0,0.0,Low,bowler
Amir Ali,Death,22,13,4,1,4,0,169.23,30.77,7.69,23.08,0.441,Moderate,batter
Amir Ali,Middle,11,6,2,1,1,1,183.33,33.33,16.67,50.0,0.412,Moderate,batter
Amir Hamza,Death,4,8,0,0,0,0,50.0,0.0,0.0,50.0,0.158,Low,bowling allrounder
Andre Fletcher,Death,14,16,1,0,1,0,87.5,6.25,0.0,43.75,0.232,Low,top-order batter
Andre Fletcher,Middle,43,30,5,0,2,3,143.33,16.67,0.0,40.0,0.335,Moderate,top-order batter
Andre Fletcher,Powerplay,49,42,8,0,5,3,116.67,19.05,0.0,57.14,0.277,Low,top-order batter
Andre Russell,Death,116,69,17,4,11,6,168.12,24.64,5.8,27.54,0.413,Moderate,allrounder
Andre Russell,Middle,42,36,7,3,5,2,116.67,19.44,8.33,52.78,0.287,Low,allrounder
Andrew Poynter,Death,12,9,1,0,0,1,133.33,11.11,0.0,44.44,0.298,Low,batter
Andrew Poynter,Powerplay,0,1,0,1,0,0,0.0,0.0,100.0,100.0,0.0,Low,batter
Andries Gous,Death,0,2,0,1,0,0,0.0,0.0,50.0,100.0,0.0,Low,wicketkeeper
Andries Gous,Middle,72,42,10,1,6,4,171.43,23.81,2.38,26.19,0.417,Moderate,wicketkeeper
Andries Gous,Powerplay,31,30,6,1,6,0,103.33,20.0,3.33,60.0,0.259,Low,wicketkeeper
Andy Balbirnie,Death,4,8,0,3,0,0,50.0,0.0,37.5,62.5,0.133,Low,batter
Andy Balbirnie,Middle,111,94,11,4,6,5,118.09,11.7,4.26,37.23,0.297,Low,batter
Andy Balbirnie,Powerplay,130,120,17,5,11,6,108.33,14.17,4.17,55.83,0.256,Low,batter
Andy McBrine,Death,6,2,1,0,1,0,300.0,50.0,0.0,0.0,0.696,High,bowling allrounder
Andy McBrine,Powerplay,1,1,0,0,0,0,100.0,0.0,0.0,0.0,0.315,Low,bowling allrounder
Angelo Mathews,Death,59,45,7,3,4,3,131.11,15.56,6.67,40.0,0.318,Low,allrounder
Angelo Mathews,Middle,73,72,6,0,1,5,101.39,8.33,0.0,40.28,0.261,Low,allrounder
Angelo Mathews,Powerplay,12,12,2,1,2,0,100.0,16.67,8.33,50.0,0.265,Low,allrounder
Anil Sah,Middle,3,5,0,1,0,0,60.0,0.0,20.0,40.0,0.189,Low,batting allrounder
Anil Sah,Powerplay,8,7,2,0,2,0,114.29,28.57,0.0,71.43,0.275,Low,batting allrounder
Anrich Nortje,Death,7,4,1,1,1,0,175.0,25.0,25.0,25.0,0.427,Moderate,bowler
Anrich Nortje,Middle,1,5,0,2,0,0,20.0,0.0,40.0,80.0,0.063,Low,bowler
Anshy Rath,Death,22,16,2,1,2,0,137.5,12.5,6.25,18.75,0.359,Moderate,wicketkeeper batter
Anshy Rath,Middle,43,45,1,1,1,0,95.56,2.22,2.22,22.22,0.272,Low,wicketkeeper batter
Aqib Ilyas,Middle,33,30,3,1,2,1,110.0,10.0,3.33,30.0,0.297,Low,top-order batter
Aqib Ilyas,Powerplay,102,85,16,5,12,4,120.0,18.82,5.88,49.41,0.296,Low,top-order batter
Arafat Sunny,Death,8,4,1,0,0,1,200.0,25.0,0.0,50.0,0.406,Moderate,bowler
Arshdeep Singh,Death,10,12,1,0,1,0,83.33,8.33,0.0,58.33,0.204,Low,bowler
Arshdeep Singh,Middle,1,2,0,0,0,0,50.0,0.0,0.0,50.0,0.158,Low,bowler
Aryan Dutt,Death,16,11,2,0,1,1,145.45,18.18,0.0,36.36,0.35,Moderate,bowler
Aryan Lakra,Powerplay,1,3,0,1,0,0,33.33,0.0,33.33,66.67,0.105,Low,bowler
Asghar Afghan,Death,49,34,5,3,4,1,144.12,14.71,8.82,23.53,0.363,Moderate,middle-order batter
Asghar Afghan,Middle,88,77,8,1,3,5,114.29,10.39,1.3,33.77,0.296,Low,middle-order batter
Asghar Afghan,Powerplay,39,45,4,4,1,3,86.67,8.89,8.89,55.56,0.216,Low,middle-order batter
Ashish Nehra,Death,0,4,0,1,0,0,0.0,0.0,25.0,100.0,0.0,Low,bowler
Ashton Agar,Death,30,17,3,2,0,3,176.47,17.65,11.76,29.41,0.398,Moderate,bowler
Ashton Agar,Middle,4,11,0,0,0,0,36.36,0.0,0.0,63.64,0.115,Low,bowler
Asif Ali,Death,55,26,7,2,0,7,211.54,26.92,7.69,34.62,0.456,Moderate,middle-order batter
Asif Ali,Middle,4,1,1,0,1,0,400.0,100.0,0.0,0.0,0.962,High,middle-order batter
Assad Vala,Middle,44,27,5,2,2,3,162.96,18.52,7.41,22.22,0.399,Moderate,batter
Assad Vala,Powerplay,62,62,9,5,8,1,100.0,14.52,8.06,56.45,0.246,Low,batter
Avishka Fernando,Middle,36,46,1,4,0,1,78.26,2.17,8.7,39.13,0.219,Low,opening batter
Avishka Fernando,Powerplay,20,16,2,1,1,1,125.0,12.5,6.25,50.0,0.282,Low,opening batter
Axar Patel,Death,7,6,1,1,1,0,116.67,16.67,16.67,50.0,0.285,Low,bowling allrounder
Axar Patel,Middle,5,7,1,2,1,0,71.43,14.29,28.57,71.43,0.182,Low,bowling allrounder
Axar Patel,Powerplay,18,14,2,0,1,1,128.57,14.29,0.0,42.86,0.306,Low,bowling allrounder
Ayaan Khan,Death,34,19,4,2,2,2,178.95,21.05,10.53,15.79,0.438,Moderate,allrounder
Ayaan Khan,Middle,70,89,5,2,4,1,78.65,5.62,2.25,47.19,0.213,Low,allrounder
Azam Khan,Middle,0,1,0,1,0,0,0.0,0.0,100.0,100.0,0.0,Low,wicketkeeper batter
Azmatullah Omarzai,Death,35,25,4,3,2,2,140.0,16.0,12.0,32.0,0.346,Moderate,allrounder
Azmatullah Omarzai,Middle,7,10,0,1,0,0,70.0,0.0,10.0,50.0,0.181,Low,allrounder
Azmatullah Omarzai,Powerplay,3,7,0,0,0,0,42.86,0.0,0.0,57.14,0.135,Low,allrounder
Babar Azam,Death,33,21,3,3,0,3,157.14,14.29,14.29,28.57,0.367,Moderate,batter
Babar Azam,Middle,314,232,30,6,25,5,135.34,12.93,2.59,21.55,0.352,Moderate,batter
Babar Azam,Powerplay,181,204,22,6,22,0,88.73,10.78,2.94,52.94,0.229,Low,batter
Babar Hayat,Middle,5,6,0,2,0,0,83.33,0.0,33.33,33.33,0.229,Low,batter
Babar Hayat,Powerplay,21,18,4,1,4,0,116.67,22.22,5.56,55.56,0.29,Low,batter
Barry McCarthy,Death,40,31,3,2,1,2,129.03,9.68,6.45,32.26,0.313,Low,bowler
Barry McCarthy,Middle,2,10,0,1,0,0,20.0,0.0,10.0,80.0,0.063,Low,bowler
Bas de Leede,Death,29,30,3,1,3,0,96.67,10.0,3.33,40.0,0.262,Low,batting allrounder
Bas de Leede,Middle,45,53,3,4,3,0,84.91,5.66,7.55,43.4,0.228,Low,batting allrounder
Bas de Leede,Powerplay,42,70,4,3,3,1,60.0,5.71,4.29,65.71,0.155,Low,batting allrounder
Basil Hameed,Death,25,17,4,1,2,2,147.06,23.53,5.88,58.82,0.323,Low,middle-order batter
Basil Hameed,Middle,0,3,0,1,0,0,0.0,0.0,33.33,100.0,0.0,Low,middle-order batter
Ben Cooper,Middle,11,11,1,1,1,0,100.0,9.09,9.09,36.36,0.27,Low,middle-order batter
Ben Cooper,Powerplay,19,13,4,2,4,0,146.15,30.77,15.38,46.15,0.369,Moderate,middle-order batter
Ben Shikongo,Death,0,4,0,1,0,0,0.0,0.0,25.0,100.0,0.0,Low,bowler
Ben Stokes,Death,72,44,8,3,5,3,163.64,18.18,6.82,25.0,0.393,Moderate,allrounder
Ben Stokes,Middle,74,69,6,3,6,0,107.25,8.7,4.35,33.33,0.283,Low,allrounder
Ben Stokes,Powerplay,22,24,2,3,1,1,91.67,8.33,12.5,45.83,0.239,Low,allrounder
Ben White,Death,1,1,0,1,0,0,100.0,0.0,100.0,0.0,0.315,Low,bowler
Ben White,Middle,1,2,0,0,0,0,50.0,0.0,0.0,50.0,0.158,Low,bowler
Bernard Scholtz,Death,13,18,0,1,0,0,72.22,0.0,5.56,44.44,0.194,Low,bowler
Bernard Scholtz,Middle,0,2,0,1,0,0,0.0,0.0,50.0,100.0,0.0,Low,bowler
Bhanuka Rajapaksa,Death,89,60,11,5,8,3,148.33,18.33,8.33,26.67,0.373,Moderate,top-order batter
Bhanuka Rajapaksa,Middle,171,128,22,6,16,6,133.59,17.19,4.69,33.59,0.339,Moderate,top-order batter
Bhanuka Rajapaksa,Powerplay,29,25,4,0,3,1,116.0,16.0,0.0,44.0,0.294,Low,top-order batter
Bhuvneshwar Kumar,Death,11,10,0,0,0,0,110.0,0.0,0.0,20.0,0.287,Low,bowler
Bilal Hassan,Death,2,5,0,1,0,0,40.0,0.0,20.0,80.0,0.086,Low,bowler
Bilal Hassan,Middle,7,11,1,0,1,0,63.64,9.09,0.0,63.64,0.173,Low,bowler
Bilal Khan,Death,3,5,0,1,0,0,60.0,0.0,20.0,40.0,0.189,Low,bowler
Bilal Khan,Middle,1,2,0,0,0,0,50.0,0.0,0.0,50.0,0.158,Low,bowler
Blessing Muzarabani,Death,2,11,0,1,0,0,18.18,0.0,9.09,81.82,0.057,Low,bowler
Brad Evans,Death,20,15,1,2,0,1,133.33,6.67,13.33,26.67,0.321,Low,allrounder
Brad Evans,Middle,1,1,0,0,0,0,100.0,0.0,0.0,0.0,0.315,Low,allrounder
Brad Wheal,Death,3,5,0,0,0,0,60.0,0.0,0.0,40.0,0.189,Low,bowler
Brad Wheal,Middle,0,1,0,1,0,0,0.0,0.0,100.0,100.0,0.0,Low,bowler
Brandon Glover,Death,0,1,0,1,0,0,0.0,0.0,100.0,100.0,0.0,Low,bowler
Brandon Glover,Middle,0,2,0,1,0,0,0.0,0.0,50.0,100.0,0.0,Low,bowler
Brandon King,Death,15,13,1,0,0,1,115.38,7.69,0.0,30.77,0.295,Low,top-order batter
Brandon King,Middle,47,45,5,3,4,1,104.44,11.11,6.67,40.0,0.274,Low,top-order batter
Brandon King,Powerplay,69,48,13,1,13,0,143.75,27.08,2.08,39.58,0.368,Moderate,top-order batter
Brandon McMullen,Middle,63,31,10,1,8,2,203.23,32.26,3.23,19.35,0.493,Moderate,batting allrounder
Brandon McMullen,Powerplay,17,17,3,0,3,0,100.0,17.65,0.0,64.71,0.239,Low,batting allrounder
Brian Masaba,Death,0,1,0,0,0,0,0.0,0.0,0.0,100.0,0.0,Low,bowler
Brian Masaba,Middle,2,5,0,2,0,0,40.0,0.0,40.0,60.0,0.126,Low,bowler
CP Rizwan,Death,23,14,2,1,1,1,164.29,14.29,7.14,21.43,0.39,Moderate,middle-order batter
CP Rizwan,Middle,21,17,2,0,2,0,123.53,11.76,0.0,23.53,0.331,Moderate,middle-order batter
CP Rizwan,Powerplay,0,2,0,1,0,0,0.0,0.0,50.0,100.0,0.0,Low,middle-order batter
Calum MacLeod,Death,22,23,2,4,2,0,95.65,8.7,17.39,34.78,0.267,Low,top-order batter
Calum MacLeod,Middle,70,88,4,3,4,0,79.55,4.55,3.41,39.77,0.226,Low,top-order batter
Calum MacLeod,Powerplay,0,3,0,2,0,0,0.0,0.0,66.67,100.0,0.0,Low,top-order batter
Cameron Green,Powerplay,3,2,0,1,0,0,150.0,0.0,50.0,50.0,0.273,Low,batting allrounder
Carlos Brathwaite,Death,54,26,7,1,0,7,207.69,26.92,3.85,30.77,0.459,Moderate,allrounder
Chad Soper,Death,29,23,3,4,2,1,126.09,13.04,17.39,26.09,0.332,Moderate,bowler
Chad Soper,Middle,19,31,1,2,0,1,61.29,3.23,6.45,61.29,0.158,Low,bowler
Chad Soper,Powerplay,2,9,0,0,0,0,22.22,0.0,0.0,77.78,0.07,Low,bowler
Chamara Kapugedera,Middle,41,44,4,3,3,1,93.18,9.09,6.82,38.64,0.258,Low,middle-order batter
Chamara Kapugedera,Powerplay,10,9,1,0,1,0,111.11,11.11,0.0,44.44,0.273,Low,middle-order batter
Chamika Karunaratne,Death,47,42,4,6,4,0,111.9,9.52,14.29,38.1,0.281,Low,bowling allrounder
Chamika Karunaratne,Middle,5,8,0,2,0,0,62.5,0.0,25.0,37.5,0.197,Low,bowling allrounder
Chamika Karunaratne,Powerplay,3,7,0,0,0,0,42.86,0.0,0.0,85.71,0.078,Low,bowling allrounder
Charith Asalanka,Death,61,37,8,1,5,3,164.86,21.62,2.7,24.32,0.406,Moderate,batting allrounder
Charith Asalanka,Middle,226,184,19,8,14,5,122.83,10.33,4.35,27.17,0.318,Low,batting allrounder
Charith Asalanka,Powerplay,102,78,16,3,12,4,130.77,20.51,3.85,46.15,0.32,Low,batting allrounder
Charles Amini,Middle,29,35,0,1,0,0,82.86,0.0,2.86,31.43,0.233,Low,allrounder
Charles Amini,Powerplay,28,17,5,1,4,1,164.71,29.41,5.88,35.29,0.408,Moderate,allrounder
Chirag Suri,Middle,1,2,0,1,0,0,50.0,0.0,50.0,50.0,0.158,Low,opening batter
Chirag Suri,Powerplay,14,23,2,0,2,0,60.87,8.7,0.0,65.22,0.166,Low,opening batter
Chris Gayle,Death,29,15,4,1,1,3,193.33,26.67,6.67,26.67,0.45,Moderate,allrounder
Chris Gayle,Middle,73,35,10,0,2,8,208.57,28.57,0.0,31.43,0.464,Moderate,allrounder
Chris Gayle,Powerplay,62,57,11,7,8,3,108.77,19.3,12.28,61.4,0.261,Low,allrounder
Chris Greaves,Death,77,71,6,4,5,1,108.45,8.45,5.63,29.58,0.291,Low,bowler
Chris Greaves,Middle,50,48,5,2,4,1,104.17,10.42,4.17,47.92,0.256,Low,bowler
Chris Greaves,Powerplay,1,2,0,0,0,0,50.0,0.0,0.0,50.0,0.158,Low,bowler
Chris Jordan,Death,19,18,2,2,2,0,105.56,11.11,11.11,33.33,0.288,Low,bowler
Chris Jordan,Middle,16,20,2,1,2,0,80.0,10.0,5.0,50.0,0.222,Low,bowler
Chris Morris,Death,16,17,2,1,2,0,94.12,11.76,5.88,47.06,0.25,Low,bowling allrounder
Chris Woakes,Death,12,6,2,1,1,1,200.0,33.33,16.67,33.33,0.464,Moderate,allrounder
Colin Ackermann,Death,53,33,6,3,3,3,160.61,18.18,9.09,30.3,0.379,Moderate,batting allrounder
Colin Ackermann,Middle,128,128,10,6,8,2,100.0,7.81,4.69,34.38,0.27,Low,batting allrounder
Colin Ackermann,Powerplay,37,42,5,2,4,1,88.1,11.9,4.76,64.29,0.209,Low,batting allrounder
Colin Munro,Middle,96,79,10,3,7,3,121.52,12.66,3.8,29.11,0.32,Low,opening batter
Colin Munro,Powerplay,29,23,5,1,4,1,126.09,21.74,4.35,52.17,0.306,Low,opening batter
Corey Anderson,Death,24,25,3,4,2,1,96.0,12.0,16.0,52.0,0.243,Low,batting allrounder
Corey Anderson,Middle,68,64,6,2,5,1,106.25,9.38,3.12,35.94,0.279,Low,batting allrounder
Corey Anderson,Powerplay,13,15,2,0,2,0,86.67,13.33,0.0,53.33,0.233,Low,batting allrounder
Cosmas Kyewuta,Middle,3,8,0,1,0,0,37.5,0.0,12.5,62.5,0.118,Low,bowler
Craig Ervine,Death,7,5,1,1,1,0,140.0,20.0,20.0,20.0,0.382,Moderate,middle-order batter
Craig Ervine,Middle,32,29,2,1,2,0,110.34,6.9,3.45,17.24,0.314,Low,middle-order batter
Craig Ervine,Powerplay,73,87,9,5,9,0,83.91,10.34,5.75,56.32,0.215,Low,middle-order batter
Craig Wallace,Powerplay,4,13,0,1,0,0,30.77,0.0,7.69,69.23,0.097,Low,wicketkeeper batter
Craig Williams,Death,0,2,0,1,0,0,0.0,0.0,50.0,100.0,0.0,Low,top-order batter
Craig Williams,Middle,76,72,7,5,4,3,105.56,9.72,6.94,43.06,0.265,Low,top-order batter
Craig Williams,Powerplay,45,65,6,3,5,1,69.23,9.23,4.62,61.54,0.184,Low,top-order batter
Craig Young,Death,3,7,0,1,0,0,42.86,0.0,14.29,57.14,0.135,Low,bowler
Curtis Campher,Death,50,27,8,3,8,0,185.19,29.63,11.11,22.22,0.458,Moderate,allrounder
Curtis Campher,Middle,97,82,6,5,3,3,118.29,7.32,6.1,29.27,0.3,Low,allrounder
Curtis Campher,Powerplay,15,18,2,1,2,0,83.33,11.11,5.56,55.56,0.218,Low,allrounder
Damien Ravu,Death,7,7,1,2,1,0,100.0,14.29,28.57,42.86,0.273,Low,bowler
Danushka Gunathilaka,Powerplay,0,1,0,1,0,0,0.0,0.0,100.0,100.0,0.0,Low,allrounder
Daren Sammy,Death,8,13,0,3,0,0,61.54,0.0,23.08,53.85,0.163,Low,allrounder
Darwish Rasooli,Death,12,10,1,0,1,0,120.0,10.0,0.0,20.0,0.328,Low,top-order batter
Darwish Rasooli,Middle,3,3,0,0,0,0,100.0,0.0,0.0,33.33,0.249,Low,top-order batter
Daryl Mitchell,Death,75,43,6,1,3,3,174.42,13.95,2.33,16.28,0.411,Moderate,batting allrounder
Daryl Mitchell,Middle,144,114,13,5,8,5,126.32,11.4,4.39,28.95,0.322,Low,batting allrounder
Daryl Mitchell,Powerplay,118,90,14,4,11,3,131.11,15.56,4.44,37.78,0.322,Low,batting allrounder
Dasun Shanaka,Death,120,97,14,9,9,5,123.71,14.43,9.28,36.08,0.314,Low,allrounder
Dasun Shanaka,Middle,95,99,11,3,7,4,95.96,11.11,3.03,47.47,0.249,Low,allrounder
David Miller,Death,140,79,19,3,9,10,177.22,24.05,3.8,26.58,0.423,Moderate,middle-order batter
David Miller,Middle,120,127,8,2,5,3,94.49,6.3,1.57,40.16,0.248,Low,middle-order batter
David Miller,Powerplay,3,11,0,0,0,0,27.27,0.0,0.0,72.73,0.086,Low,middle-order batter
David Warner,Death,22,18,2,1,1,1,122.22,11.11,5.56,38.89,0.297,Low,opening batter
David Warner,Middle,184,132,21,7,15,6,139.39,15.91,5.3,25.76,0.357,Moderate,opening batter
David Warner,Powerplay,274,192,44,9,35,9,142.71,22.92,4.69,41.15,0.351,Moderate,opening batter
David Wiese,Death,148,99,15,6,6,9,149.49,15.15,6.06,31.31,0.355,Moderate,allrounder
David Wiese,Middle,200,168,17,4,10,7,119.05,10.12,2.38,35.12,0.297,Low,allrounder
David Willey,Death,38,25,5,1,1,4,152.0,20.0,4.0,40.0,0.355,Moderate,bowling allrounder
David Willey,Middle,4,6,0,0,0,0,66.67,0.0,0.0,50.0,0.177,Low,bowling allrounder
Dawid Malan,Death,9,4,1,2,0,1,225.0,25.0,50.0,50.0,0.435,Moderate,top-order batter
Dawid Malan,Middle,140,126,14,3,13,1,111.11,11.11,2.38,33.33,0.295,Low,top-order batter
Dawid Malan,Powerplay,27,35,1,1,1,0,77.14,2.86,2.86,51.43,0.195,Low,top-order batter
Dawlat Zadran,Death,9,6,0,0,0,0,150.0,0.0,0.0,0.0,0.373,Moderate,bowler
Deepak Hooda,Middle,0,3,0,1,0,0,0.0,0.0,33.33,100.0,0.0,Low,allrounder
Denesh Ramdin,Death,4,5,0,1,0,0,80.0,0.0,20.0,40.0,0.212,Low,wicketkeeper batter
Denesh Ramdin,Middle,32,47,1,2,1,0,68.09,2.13,4.26,44.68,0.196,Low,wicketkeeper batter
Devon Conway,Death,37,30,3,1,3,0,123.33,10.0,3.33,16.67,0.339,Moderate,wicketkeeper batter
Devon Conway,Middle,167,133,15,3,12,3,125.56,11.28,2.26,26.32,0.326,Low,wicketkeeper batter
Devon Conway,Powerplay,94,95,11,5,11,0,98.95,11.58,5.26,46.32,0.256,Low,wicketkeeper batter
Dhananjaya de Silva,Death,22,13,3,1,3,0,169.23,23.08,7.69,23.08,0.418,Moderate,allrounder
Dhananjaya de Silva,Middle,111,90,9,5,6,3,123.33,10.0,5.56,23.33,0.326,Low,allrounder
Dhananjaya de Silva,Powerplay,67,59,7,1,6,1,113.56,11.86,1.69,42.37,0.282,Low,allrounder
Dilon Heyliger,Death,11,14,1,1,1,0,78.57,7.14,7.14,42.86,0.226,Low,bowler
Dilpreet Bajwa,Death,11,5,2,1,1,1,220.0,40.0,20.0,40.0,0.494,Moderate,allrounder
Dilpreet Bajwa,Middle,7,6,1,1,1,0,116.67,16.67,16.67,33.33,0.318,Low,allrounder
Dilpreet Bajwa,Powerplay,0,3,0,0,0,0,0.0,0.0,0.0,100.0,0.0,Low,allrounder
Dinesh Chandimal,Powerplay,72,73,9,6,6,3,98.63,12.33,8.22,53.42,0.244,Low,wicketkeeper batter
Dinesh Karthik,Death,9,8,1,2,1,0,112.5,12.5,25.0,25.0,0.317,Low,wicketkeeper batter
Dinesh Karthik,Middle,7,14,0,0,0,0,50.0,0.0,0.0,50.0,0.158,Low,wicketkeeper batter
Dinesh Nakrani,Middle,0,3,0,2,0,0,0.0,0.0,66.67,100.0,0.0,Low,allrounder
Dinesh Nakrani,Powerplay,7,10,1,1,1,0,70.0,10.0,10.0,60.0,0.191,Low,allrounder
Dipendra Singh Airee,Middle,1,6,0,1,0,0,16.67,0.0,16.67,83.33,0.053,Low,middle-order batter
Divan la Cock,Powerplay,8,7,1,1,1,0,114.29,14.29,14.29,42.86,0.289,Low,opening batter
Donald Tiripano,Death,2,6,0,2,0,0,33.33,0.0,33.33,83.33,0.072,Low,bowler
Dushmantha Chameera,Death,16,22,1,3,1,0,72.73,4.55,13.64,45.45,0.207,Low,bowler
Dushmantha Chameera,Middle,2,3,0,0,0,0,66.67,0.0,0.0,33.33,0.21,Low,bowler
Dwaine Pretorius,Death,0,1,0,1,0,0,0.0,0.0,100.0,100.0,0.0,Low,bowling allrounder
Dwaine Pretorius,Middle,0,1,0,1,0,0,0.0,0.0,100.0,100.0,0.0,Low,bowling allrounder
Dwayne Bravo,Death,19,14,2,2,1,1,135.71,14.29,14.29,28.57,0.342,Moderate,allrounder
Dwayne Bravo,Middle,68,69,6,5,4,2,98.55,8.7,7.25,36.23,0.267,Low,allrounder
Dwayne Bravo,Powerplay,4,8,0,0,0,0,50.0,0.0,0.0,50.0,0.158,Low,allrounder
Dylan Budge,Middle,0,2,0,1,0,0,0.0,0.0,50.0,100.0,0.0,Low,allrounder
Elton Chigumbura,Death,50,29,5,2,1,4,172.41,17.24,6.9,20.69,0.409,Moderate,allrounder
Elton Chigumbura,Middle,16,11,1,1,0,1,145.45,9.09,9.09,36.36,0.322,Low,allrounder
Eoin Morgan,Death,75,43,9,2,5,4,174.42,20.93,4.65,20.93,0.422,Moderate,middle-order batter
Eoin Morgan,Middle,53,55,4,2,2,2,96.36,7.27,3.64,34.55,0.264,Low,middle-order batter
Eoin Morgan,Powerplay,7,16,1,2,1,0,43.75,6.25,12.5,75.0,0.119,Low,middle-order batter
Evin Lewis,Middle,46,47,4,4,1,3,97.87,8.51,8.51,42.55,0.253,Low,opening batter
Evin Lewis,Powerplay,105,90,17,5,12,5,116.67,18.89,5.56,53.33,0.285,Low,opening batter
Faf du Plessis,Death,2,2,0,1,0,0,100.0,0.0,50.0,50.0,0.215,Low,middle-order batter
Faf du Plessis,Middle,57,52,6,1,5,1,109.62,11.54,1.92,32.69,0.296,Low,middle-order batter
Faf du Plessis,Powerplay,36,30,6,1,5,1,120.0,20.0,3.33,50.0,0.298,Low,middle-order batter
Fakhar Zaman,Death,48,28,5,2,1,4,171.43,17.86,7.14,25.0,0.401,Moderate,opening batter
Fakhar Zaman,Middle,61,65,5,5,3,2,93.85,7.69,7.69,40.0,0.251,Low,opening batter
Fakhar Zaman,Powerplay,45,33,6,0,4,2,136.36,18.18,0.0,36.36,0.339,Moderate,opening batter
Fareed Ahmad,Death,2,4,0,0,0,0,50.0,0.0,0.0,75.0,0.108,Low,bowler
Fayyaz Butt,Death,6,7,1,2,1,0,85.71,14.29,28.57,57.14,0.227,Low,bowler
Fayyaz Butt,Middle,2,7,0,1,0,0,28.57,0.0,14.29,85.71,0.062,Low,bowler
Fazalhaq Farooqi,Death,0,2,0,1,0,0,0.0,0.0,50.0,100.0,0.0,Low,bowler
Finn Allen,Powerplay,122,75,20,7,14,6,162.67,26.67,9.33,42.67,0.382,Moderate,top-order batter
Fionn Hand,Death,6,5,1,2,1,0,120.0,20.0,40.0,40.0,0.318,Low,bowling allrounder
Fionn Hand,Middle,6,6,1,1,1,0,100.0,16.67,16.67,50.0,0.265,Low,bowling allrounder
Fred Klaassen,Death,10,11,0,3,0,0,90.91,0.0,27.27,36.36,0.232,Low,bowler
Fred Klaassen,Middle,1,6,0,0,0,0,16.67,0.0,0.0,83.33,0.053,Low,bowler
Gareth Delany,Death,37,21,5,1,4,1,176.19,23.81,4.76,19.05,0.437,Moderate,batting allrounder
Gareth Delany,Middle,113,96,13,6,9,4,117.71,13.54,6.25,34.38,0.308,Low,batting allrounder
Gareth Delany,Powerplay,7,9,1,1,1,0,77.78,11.11,11.11,66.67,0.19,Low,batting allrounder
Gary Wilson,Death,1,3,0,1,0,0,33.33,0.0,33.33,66.67,0.105,Low,wicketkeeper batter
Gary Wilson,Middle,33,30,4,0,4,0,110.0,13.33,0.0,36.67,0.294,Low,wicketkeeper batter
Gary Wilson,Powerplay,4,4,1,1,1,0,100.0,25.0,25.0,75.0,0.24,Low,wicketkeeper batter
George Dockrell,Death,55,34,8,3,7,1,161.76,23.53,8.82,23.53,0.41,Moderate,allrounder
George Dockrell,Middle,79,65,6,2,5,1,121.54,9.23,3.08,20.0,0.328,Low,allrounder
George Dockrell,Powerplay,5,13,0,2,0,0,38.46,0.0,15.38,61.54,0.121,Low,allrounder
George Munsey,Death,23,17,3,1,3,0,135.29,17.65,5.88,23.53,0.362,Moderate,opening batter
George Munsey,Middle,118,99,11,6,5,6,119.19,11.11,6.06,30.3,0.31,Low,opening batter
George Munsey,Powerplay,282,234,50,9,45,5,120.51,21.37,3.85,52.99,0.297,Low,opening batter
Gerhard Erasmus,Death,39,28,3,3,1,2,139.29,10.71,10.71,21.43,0.35,Moderate,allrounder
Gerhard Erasmus,Middle,237,220,24,10,21,3,107.73,10.91,4.55,38.18,0.281,Low,allrounder
Gerhard Erasmus,Powerplay,27,42,3,0,2,1,64.29,7.14,0.0,66.67,0.162,Low,allrounder
Glenn Maxwell,Death,67,42,11,4,7,4,159.52,26.19,9.52,40.48,0.382,Moderate,batting allrounder
Glenn Maxwell,Middle,228,185,26,7,20,6,123.24,14.05,3.78,34.59,0.315,Low,batting allrounder
Glenn Maxwell,Powerplay,8,14,0,1,0,0,57.14,0.0,7.14,57.14,0.152,Low,batting allrounder
Glenn Phillips,Death,122,75,15,8,8,7,162.67,20.0,10.67,28.0,0.392,Moderate,allrounder
Glenn Phillips,Middle,222,173,23,4,15,8,128.32,13.29,2.31,34.68,0.319,Low,allrounder
Glenn Phillips,Powerplay,19,21,3,0,3,0,90.48,14.29,0.0,61.9,0.223,Low,allrounder
Grant Elliott,Death,51,42,4,1,4,0,121.43,9.52,2.38,21.43,0.326,Low,allrounder
Grant Elliott,Middle,1,4,0,0,0,0,25.0,0.0,0.0,75.0,0.079,Low,allrounder
Gudakesh Motie,Death,0,1,0,0,0,0,0.0,0.0,0.0,100.0,0.0,Low,bowler
Gulbadin Naib,Death,60,42,6,3,4,2,142.86,14.29,7.14,26.19,0.355,Moderate,batting allrounder
Gulbadin Naib,Middle,115,104,11,5,7,4,110.58,10.58,4.81,35.58,0.288,Low,batting allrounder
Gulbadin Naib,Powerplay,51,46,9,1,9,0,110.87,19.57,2.17,56.52,0.274,Low,batting allrounder
Gulsan Jha,Death,12,9,1,1,0,1,133.33,11.11,11.11,22.22,0.343,Moderate,bowler
Gulsan Jha,Middle,2,6,0,0,0,0,33.33,0.0,0.0,66.67,0.105,Low,bowler
Haider Ali,Middle,2,5,0,2,0,0,40.0,0.0,40.0,80.0,0.086,Low,middle-order batter
Hamilton Masakadza,Powerplay,39,28,7,2,5,2,139.29,25.0,7.14,53.57,0.329,Low,top-order batter
Hardik Pandya,Death,147,80,19,8,12,7,183.75,23.75,10.0,25.0,0.433,Moderate,allrounder
Hardik Pandya,Middle,80,84,7,2,4,3,95.24,8.33,2.38,42.86,0.249,Low,allrounder
Haris Rauf,Death,15,10,1,1,0,1,150.0,10.0,10.0,20.0,0.363,Moderate,bowler
Harmeet Singh,Death,11,8,1,1,0,1,137.5,12.5,12.5,50.0,0.296,Low,bowling allrounder
Harmeet Singh,Middle,0,2,0,0,0,0,0.0,0.0,0.0,100.0,0.0,Low,bowling allrounder
Harry Brook,Death,28,17,3,2,2,1,164.71,17.65,11.76,11.76,0.419,Moderate,batter
Harry Brook,Middle,41,51,1,3,1,0,80.39,1.96,5.88,45.1,0.208,Low,batter
Harry Brook,Powerplay,7,5,1,0,1,0,140.0,20.0,0.0,60.0,0.302,Low,batter
Harry Tector,Death,13,15,1,2,1,0,86.67,6.67,13.33,40.0,0.24,Low,middle-order batter
Harry Tector,Middle,66,66,4,6,3,1,100.0,6.06,9.09,33.33,0.267,Low,middle-order batter
Harry Tector,Powerplay,16,27,1,2,1,0,59.26,3.7,7.41,66.67,0.146,Low,middle-order batter
Hasan Mahmud,Death,0,3,0,0,0,0,0.0,0.0,0.0,100.0,0.0,Low,bowler
Hasan Mahmud,Middle,0,2,0,0,0,0,0.0,0.0,0.0,100.0,0.0,Low,bowler
Hashim Amla,Death,14,9,2,0,1,1,155.56,22.22,0.0,33.33,0.379,Moderate,top-order batter
Hashim Amla,Middle,43,38,3,1,1,2,113.16,7.89,2.63,26.32,0.302,Low,top-order batter
Hashim Amla,Powerplay,57,41,11,2,11,0,139.02,26.83,4.88,43.9,0.353,Moderate,top-order batter
Hayden Walsh,Death,0,1,0,1,0,0,0.0,0.0,100.0,100.0,0.0,Low,bowler
Hazratullah Zazai,Middle,15,14,1,3,0,1,107.14,7.14,21.43,50.0,0.245,Low,opening batter
Hazratullah Zazai,Powerplay,89,84,14,3,9,5,105.95,16.67,3.57,55.95,0.26,Low,opening batter
Heinrich Klaasen,Death,21,21,1,2,0,1,100.0,4.76,9.52,33.33,0.263,Low,wicketkeeper batter
Heinrich Klaasen,Middle,95,73,12,2,8,4,130.14,16.44,2.74,36.99,0.326,Low,wicketkeeper batter
Heinrich Klaasen,Powerplay,5,19,0,1,0,0,26.32,0.0,5.26,78.95,0.072,Low,wicketkeeper batter
Henry Nicholls,Powerplay,7,11,1,1,1,0,63.64,9.09,9.09,63.64,0.173,Low,top-order batter
Hiri Hiri,Middle,18,29,2,2,2,0,62.07,6.9,6.9,58.62,0.175,Low,middle-order batter
Hiri Hiri,Powerplay,10,9,1,1,1,0,111.11,11.11,11.11,55.56,0.25,Low,middle-order batter
Ibrahim Zadran,Middle,105,99,8,6,4,4,106.06,8.08,6.06,40.4,0.266,Low,opening batter
Ibrahim Zadran,Powerplay,83,67,13,1,12,1,123.88,19.4,1.49,49.25,0.303,Low,opening batter
Iftikhar Ahmed,Death,37,30,4,4,3,1,123.33,13.33,13.33,30.0,0.322,Low,middle-order batter
Iftikhar Ahmed,Middle,90,71,9,3,4,5,126.76,12.68,4.23,40.85,0.303,Low,middle-order batter
Iftikhar Ahmed,Powerplay,12,14,2,0,2,0,85.71,14.29,0.0,64.29,0.213,Low,middle-order batter
Imad Wasim,Death,8,14,0,2,0,0,57.14,0.0,14.29,42.86,0.18,Low,allrounder
Imad Wasim,Middle,13,18,1,0,1,0,72.22,5.56,0.0,55.56,0.189,Low,allrounder
Ish Sodhi,Death,10,9,0,1,0,0,111.11,0.0,11.11,11.11,0.306,Low,bowler
Ishan Kishan,Powerplay,4,8,1,1,1,0,50.0,12.5,12.5,87.5,0.12,Low,wicketkeeper batter
JJ Smit,Death,97,81,11,3,7,4,119.75,13.58,3.7,40.74,0.297,Low,bowling allrounder
JJ Smit,Middle,30,41,2,4,2,0,73.17,4.88,9.76,48.78,0.202,Low,bowling allrounder
JJ Smit,Powerplay,2,3,0,0,0,0,66.67,0.0,0.0,33.33,0.21,Low,bowling allrounder
JP Kotze,Powerplay,0,3,0,1,0,0,0.0,0.0,33.33,100.0,0.0,Low,batter
Jack	Brassell,Death,1,2,0,0,0,0,50.0,0.0,0.0,50.0,0.158,Low,bowler
Jack	Brassell,Middle,1,1,0,0,0,0,100.0,0.0,0.0,0.0,0.315,Low,bowler
Jaker Ali,Death,23,16,3,1,3,0,143.75,18.75,6.25,31.25,0.36,Moderate,batter
James Faulkner,Death,17,16,2,2,2,0,106.25,12.5,12.5,31.25,0.298,Low,bowling allrounder
James Neesham,Death,136,78,12,5,4,8,174.36,15.38,6.41,19.23,0.409,Moderate,batting allrounder
James Neesham,Middle,17,18,2,1,1,1,94.44,11.11,5.56,50.0,0.242,Low,batting allrounder
James Vince,Powerplay,22,18,4,1,4,0,122.22,22.22,5.56,44.44,0.319,Low,batter
Jamie Atkinson,Death,13,6,2,1,1,1,216.67,33.33,16.67,33.33,0.483,Moderate,wicketkeeper batter
Jamie Atkinson,Middle,45,38,3,1,2,1,118.42,7.89,2.63,28.95,0.302,Low,wicketkeeper batter
Jamie Atkinson,Powerplay,33,39,5,1,5,0,84.62,12.82,2.56,53.85,0.228,Low,wicketkeeper batter
Jan Frylinck,Death,72,60,5,5,4,1,120.0,8.33,8.33,35.0,0.293,Low,allrounder
Jan Frylinck,Middle,74,91,3,2,3,0,81.32,3.3,2.2,38.46,0.227,Low,allrounder
Jan Frylinck,Powerplay,34,41,6,2,6,0,82.93,14.63,4.88,63.41,0.213,Low,allrounder
Jan Nicol Loftie-Eaton,Death,10,14,0,2,0,0,71.43,0.0,14.29,42.86,0.197,Low,batting allrounder
Jan Nicol Loftie-Eaton,Middle,5,5,0,1,0,0,100.0,0.0,20.0,20.0,0.275,Low,batting allrounder
Jan Nicol Loftie-Eaton,Powerplay,34,34,4,4,1,3,100.0,11.76,11.76,58.82,0.233,Low,batting allrounder
Jasdeep Singh,Death,2,7,0,1,0,0,28.57,0.0,14.29,71.43,0.09,Low,bowler
Jason Holder,Death,32,18,5,2,3,2,177.78,27.78,11.11,33.33,0.422,Moderate,bowling allrounder
Jason Holder,Middle,19,24,1,2,1,0,79.17,4.17,8.33,45.83,0.212,Low,bowling allrounder
Jason Roy,Middle,91,63,9,4,3,6,144.44,14.29,6.35,23.81,0.362,Moderate,opening batter
Jason Roy,Powerplay,220,147,35,5,30,5,149.66,23.81,3.4,38.1,0.368,Moderate,opening batter
Jasprit Bumrah,Death,0,3,0,1,0,0,0.0,0.0,33.33,100.0,0.0,Low,bowler
Jatinder Singh,Death,13,10,1,1,1,0,130.0,10.0,10.0,20.0,0.34,Moderate,batter
Jatinder Singh,Middle,97,66,12,2,7,5,146.97,18.18,3.03,22.73,0.379,Moderate,batter
Jatinder Singh,Powerplay,43,38,6,1,6,0,113.16,15.79,2.63,42.11,0.294,Low,batter
Jean-Paul Duminy,Death,50,27,5,0,1,4,185.19,18.52,0.0,11.11,0.447,Moderate,batting allrounder
Jean-Paul Duminy,Middle,34,21,4,0,4,0,161.9,19.05,0.0,4.76,0.434,Moderate,batting allrounder
Jeffrey Vandersay,Death,3,7,0,1,0,0,42.86,0.0,14.29,57.14,0.135,Low,bowler
Joe Root,Death,34,17,6,1,5,1,200.0,35.29,5.88,17.65,0.501,Moderate,top-order batter
Joe Root,Middle,158,107,16,2,11,5,147.66,14.95,1.87,16.82,0.382,Moderate,top-order batter
Joe Root,Powerplay,57,43,9,0,8,1,132.56,20.93,0.0,37.21,0.341,Moderate,top-order batter
John Hastings,Death,3,4,0,1,0,0,75.0,0.0,25.0,50.0,0.187,Low,allrounder
John Kariko,Death,4,7,1,1,1,0,57.14,14.29,14.29,85.71,0.137,Low,bowler
Johnson Charles,Middle,86,67,11,3,7,4,128.36,16.42,4.48,32.84,0.332,Moderate,wicketkeeper batter
Johnson Charles,Powerplay,132,125,17,8,12,5,105.6,13.6,6.4,55.2,0.252,Low,wicketkeeper batter
Jonny Bairstow,Middle,35,30,3,2,1,2,116.67,10.0,6.67,43.33,0.278,Low,wicketkeeper batter
Jonny Bairstow,Powerplay,31,27,6,3,6,0,114.81,22.22,11.11,55.56,0.288,Low,wicketkeeper batter
Jos Buttler,Death,141,66,19,3,7,12,213.64,28.79,4.55,24.24,0.484,Moderate,wicketkeeper batter
Jos Buttler,Middle,297,199,36,5,22,14,149.25,18.09,2.51,27.64,0.371,Moderate,wicketkeeper batter
Jos Buttler,Powerplay,294,211,44,6,36,8,139.34,20.85,2.84,43.13,0.337,Moderate,wicketkeeper batter
Josh Davey,Death,41,26,4,3,1,3,157.69,15.38,11.54,23.08,0.382,Moderate,bowler
Josh Davey,Middle,5,7,0,1,0,0,71.43,0.0,14.29,28.57,0.225,Low,bowler
Josh Hazlewood,Death,1,1,0,0,0,0,100.0,0.0,0.0,0.0,0.315,Low,bowler
Josh Little,Death,17,21,2,2,1,1,80.95,9.52,9.52,57.14,0.208,Low,bowler
Josh Little,Middle,18,13,2,1,2,0,138.46,15.38,7.69,38.46,0.329,Low,bowler
Junaid Siddique,Death,16,13,2,1,1,1,123.08,15.38,7.69,46.15,0.296,Low,bowler
Junaid Siddique,Middle,3,4,0,0,0,0,75.0,0.0,0.0,25.0,0.237,Low,bowler
KL Rahul,Death,7,5,1,0,1,0,140.0,20.0,0.0,20.0,0.382,Moderate,wicketkeeper batter
KL Rahul,Middle,137,82,16,2,11,5,167.07,19.51,2.44,12.2,0.427,Moderate,wicketkeeper batter
KL Rahul,Powerplay,172,143,24,7,15,9,120.28,16.78,4.9,48.25,0.293,Low,wicketkeeper batter
Kabua Morea,Death,16,14,1,1,0,1,114.29,7.14,7.14,21.43,0.31,Low,bowler
Kabua Morea,Middle,0,1,0,0,0,0,0.0,0.0,0.0,100.0,0.0,Low,bowler
Kagiso Rabada,Death,42,34,4,0,2,2,123.53,11.76,0.0,35.29,0.307,Low,bowler
Kagiso Rabada,Middle,1,5,0,0,0,0,20.0,0.0,0.0,80.0,0.063,Low,bowler
Kaleem Sana,Death,12,10,1,0,0,1,120.0,10.0,0.0,40.0,0.288,Low,bowler
Kaleem Sana,Middle,1,4,0,0,0,0,25.0,0.0,0.0,75.0,0.079,Low,bowler
Kaleemullah,Death,13,12,1,2,1,0,108.33,8.33,16.67,33.33,0.283,Low,bowler
Kaleemullah,Middle,5,5,1,1,1,0,100.0,20.0,20.0,60.0,0.255,Low,bowler
Kamindu Mendis,Middle,4,5,0,1,0,0,80.0,0.0,20.0,40.0,0.212,Low,allrounder
Kamindu Mendis,Powerplay,12,15,2,1,2,0,80.0,13.33,6.67,60.0,0.212,Low,allrounder
Kane Richardson,Death,1,1,0,0,0,0,100.0,0.0,0.0,0.0,0.315,Low,bowler
Kane Williamson,Death,71,33,11,2,8,3,215.15,33.33,6.06,21.21,0.506,Moderate,top-order batter
Kane Williamson,Middle,293,256,25,11,17,8,114.45,9.77,4.3,29.3,0.303,Low,top-order batter
Kane Williamson,Powerplay,164,177,20,2,19,1,92.66,11.3,1.13,51.98,0.237,Low,top-order batter
Karan KC,Death,17,12,2,1,0,2,141.67,16.67,8.33,50.0,0.313,Low,allrounder
Karim Janat,Death,35,17,4,1,2,2,205.88,23.53,5.88,5.88,0.496,Moderate,bowling allrounder
Karim Janat,Middle,13,17,1,1,1,0,76.47,5.88,5.88,47.06,0.212,Low,bowling allrounder
Karim Janat,Powerplay,11,6,2,0,1,1,183.33,33.33,0.0,50.0,0.412,Moderate,bowling allrounder
Karim Sadiq,Middle,0,7,0,1,0,0,0.0,0.0,14.29,100.0,0.0,Low,opening batter
Karthik Meiyappan,Middle,4,7,0,1,0,0,57.14,0.0,14.29,42.86,0.18,Low,bowler
Kashif Daud,Middle,17,18,1,2,0,1,94.44,5.56,11.11,38.89,0.248,Low,bowling allrounder
Kashyap Prajapati,Powerplay,40,57,5,5,2,3,70.18,8.77,8.77,70.18,0.167,Low,top-order batter
Kasun Rajitha,Death,5,12,0,0,0,0,41.67,0.0,0.0,58.33,0.131,Low,bowler
Kasun Rajitha,Middle,3,9,0,0,0,0,33.33,0.0,0.0,77.78,0.083,Low,bowler
Kenneth Waiswa,Death,6,11,0,0,0,0,54.55,0.0,0.0,63.64,0.136,Low,allrounder
Kenneth Waiswa,Middle,0,2,0,1,0,0,0.0,0.0,50.0,100.0,0.0,Low,allrounder
Kenneth Waiswa,Powerplay,1,8,0,0,0,0,12.5,0.0,0.0,87.5,0.039,Low,allrounder
Keshav Maharaj,Death,17,21,1,1,0,1,80.95,4.76,4.76,47.62,0.212,Low,bowler
Keshav Maharaj,Middle,0,2,0,1,0,0,0.0,0.0,50.0,100.0,0.0,Low,bowler
Kevin O'Brien,Death,14,12,1,1,1,0,116.67,8.33,8.33,33.33,0.293,Low,batting allrounder
Kevin O'Brien,Middle,6,8,0,1,0,0,75.0,0.0,12.5,25.0,0.237,Low,batting allrounder
Kevin O'Brien,Powerplay,33,31,5,3,5,0,106.45,16.13,9.68,48.39,0.274,Low,batting allrounder
Khalid Kail,Death,10,6,1,1,0,1,166.67,16.67,16.67,33.33,0.376,Moderate,middle-order batter
Khalid Kail,Middle,30,43,2,3,2,0,69.77,4.65,6.98,46.51,0.201,Low,middle-order batter
Khalid Kail,Powerplay,8,12,0,0,0,0,66.67,0.0,0.0,50.0,0.177,Low,middle-order batter
Khalid Latif,Death,5,7,0,1,0,0,71.43,0.0,14.29,28.57,0.225,Low,top-order batter
Khalid Latif,Middle,37,30,4,1,3,1,123.33,13.33,3.33,26.67,0.329,Low,top-order batter
Khalid Latif,Powerplay,8,11,1,0,1,0,72.73,9.09,0.0,63.64,0.184,Low,top-order batter
Khawar Ali,Middle,22,10,4,1,2,2,220.0,40.0,10.0,40.0,0.494,Moderate,opening batter
Khawar Ali,Powerplay,21,30,3,1,2,1,70.0,10.0,3.33,70.0,0.171,Low,opening batter
Kieron Pollard,Death,51,28,7,2,5,2,182.14,25.0,7.14,17.86,0.449,Moderate,batting allrounder
Kieron Pollard,Middle,37,52,1,3,1,0,71.15,1.92,5.77,44.23,0.199,Low,batting allrounder
Kinchit Shah,Death,16,14,2,1,2,0,114.29,14.29,7.14,35.71,0.303,Low,top-order batter
Kinchit Shah,Middle,3,5,0,0,0,0,60.0,0.0,0.0,40.0,0.189,Low,top-order batter
Kiplin Doriga,Death,87,56,11,5,7,4,155.36,19.64,8.93,33.93,0.37,Moderate,wicketkeeper batter
Kiplin Doriga,Middle,44,48,1,0,1,0,91.67,2.08,0.0,35.42,0.241,Low,wicketkeeper batter
Kiplin Doriga,Powerplay,0,2,0,0,0,0,0.0,0.0,0.0,100.0,0.0,Low,wicketkeeper batter
Kusal Mendis,Death,20,8,3,1,1,2,250.0,37.5,12.5,12.5,0.576,Moderate,wicketkeeper batter
Kusal Mendis,Middle,105,65,12,2,6,6,161.54,18.46,3.08,27.69,0.386,Moderate,wicketkeeper batter
Kusal Mendis,Powerplay,127,121,15,6,13,2,104.96,12.4,4.96,47.93,0.262,Low,wicketkeeper batter
Kusal Perera,Middle,25,18,3,1,2,1,138.89,16.67,5.56,33.33,0.344,Moderate,wicketkeeper batter
Kusal Perera,Powerplay,99,83,14,7,13,1,119.28,16.87,8.43,44.58,0.299,Low,wicketkeeper batter
Kushal Bhurtel,Powerplay,7,10,1,1,1,0,70.0,10.0,10.0,60.0,0.191,Low,opening batter
Kushal Malla,Middle,9,9,1,1,1,0,100.0,11.11,11.11,33.33,0.282,Low,batting allrounder
Kyle Coetzer,Middle,43,27,4,2,2,2,159.26,14.81,7.41,25.93,0.376,Moderate,top-order batter
Kyle Coetzer,Powerplay,106,103,16,7,14,2,102.91,15.53,6.8,54.37,0.257,Low,top-order batter
Kyle Mayers,Powerplay,34,30,6,3,5,1,113.33,20.0,10.0,53.33,0.284,Low,batting allrounder
Lahiru Kumara,Death,5,8,1,2,1,0,62.5,12.5,25.0,75.0,0.16,Low,bowler
Lahiru Thirimanne,Middle,6,10,1,2,1,0,60.0,10.0,20.0,70.0,0.159,Low,top-order batter
Lahiru Thirimanne,Powerplay,10,16,1,1,1,0,62.5,6.25,6.25,56.25,0.178,Low,top-order batter
Lega Siaka,Powerplay,22,33,2,5,2,0,66.67,6.06,15.15,57.58,0.18,Low,opening batter
Lendl Simmons,Death,27,14,4,0,2,2,192.86,28.57,0.0,28.57,0.451,Moderate,top-order batter
Lendl Simmons,Middle,54,47,6,1,4,2,114.89,12.77,2.13,36.17,0.299,Low,top-order batter
Lendl Simmons,Powerplay,23,31,2,2,1,1,74.19,6.45,6.45,58.06,0.189,Low,top-order batter
Liam Livingstone,Death,78,48,8,3,2,6,162.5,16.67,6.25,22.92,0.392,Moderate,batting allrounder
Liam Livingstone,Middle,33,34,3,2,3,0,97.06,8.82,5.88,35.29,0.268,Low,batting allrounder
Liam Livingstone,Powerplay,1,1,0,0,0,0,100.0,0.0,0.0,0.0,0.315,Low,batting allrounder
Liam Plunkett,Death,5,4,0,1,0,0,125.0,0.0,25.0,25.0,0.294,Low,bowler
Litton Das,Middle,61,78,2,6,1,1,78.21,2.56,7.69,41.03,0.216,Low,wicketkeeper batter
Litton Das,Powerplay,196,160,24,8,19,5,122.5,15.0,5.0,38.12,0.31,Low,wicketkeeper batter
Lockie Ferguson,Middle,2,5,0,1,0,0,40.0,0.0,20.0,80.0,0.086,Low,bowler
Logan van Beek,Death,49,48,3,4,3,0,102.08,6.25,8.33,29.17,0.278,Low,bowler
Logan van Beek,Middle,9,16,0,1,0,0,56.25,0.0,6.25,50.0,0.165,Low,bowler
Lorcan Tucker,Death,30,14,5,0,4,1,214.29,35.71,0.0,21.43,0.512,Moderate,wicketkeeper batter
Lorcan Tucker,Middle,108,108,5,4,3,2,100.0,4.63,3.7,33.33,0.263,Low,wicketkeeper batter
Lorcan Tucker,Powerplay,67,59,10,2,9,1,113.56,16.95,3.39,50.85,0.28,Low,wicketkeeper batter
Luke Jongwe,Death,35,20,5,2,5,0,175.0,25.0,10.0,15.0,0.447,Moderate,allrounder
Luke Jongwe,Middle,16,20,1,1,0,1,80.0,5.0,5.0,45.0,0.217,Low,allrounder
Luke Ronchi,Death,49,32,5,4,3,2,153.12,15.62,12.5,21.88,0.38,Moderate,wicketkeeper batter
Lungi Ngidi,Middle,4,1,1,0,1,0,400.0,100.0,0.0,0.0,0.962,High,bowler
MS Dhoni,Death,59,39,6,1,4,2,151.28,15.38,2.56,20.51,0.38,Moderate,wicketkeeper batter
MS Dhoni,Middle,26,27,1,0,1,0,96.3,3.7,0.0,18.52,0.285,Low,wicketkeeper batter
MS Dhoni,Powerplay,1,3,0,0,0,0,33.33,0.0,0.0,66.67,0.105,Low,wicketkeeper batter
Mahedi Hasan,Death,42,27,6,1,4,2,155.56,22.22,3.7,29.63,0.387,Moderate,allrounder
Mahedi Hasan,Middle,10,14,1,1,1,0,71.43,7.14,7.14,57.14,0.19,Low,allrounder
Mahedi Hasan,Powerplay,0,4,0,1,0,0,0.0,0.0,25.0,100.0,0.0,Low,allrounder
Maheesh Theekshana,Death,27,33,3,3,2,1,81.82,9.09,9.09,57.58,0.207,Low,bowler
Maheesh Theekshana,Middle,0,5,0,1,0,0,0.0,0.0,20.0,100.0,0.0,Low,bowler
Mahmudullah,Death,157,101,20,6,13,7,155.45,19.8,5.94,27.72,0.383,Moderate,allrounder
Mahmudullah,Middle,117,132,9,7,7,2,88.64,6.82,5.3,40.91,0.241,Low,allrounder
Mahmudullah,Powerplay,10,9,2,0,2,0,111.11,22.22,0.0,66.67,0.262,Low,allrounder
Malan Kruger,Death,1,1,0,0,0,0,100.0,0.0,0.0,0.0,0.315,Low,batter
Malan Kruger,Middle,1,4,0,1,0,0,25.0,0.0,25.0,75.0,0.079,Low,batter
Malan Kruger,Powerplay,0,3,0,0,0,0,0.0,0.0,0.0,100.0,0.0,Low,batter
Malcolm Waller,Death,3,5,0,1,0,0,60.0,0.0,20.0,60.0,0.149,Low,batter
Malcolm Waller,Middle,42,46,2,2,2,0,91.3,4.35,4.35,39.13,0.24,Low,batter
Marco Jansen,Death,8,10,0,1,0,0,80.0,0.0,10.0,40.0,0.212,Low,bowling allrounder
Marcus Stoinis,Death,150,83,20,3,11,9,180.72,24.1,3.61,24.1,0.433,Moderate,batting allrounder
Marcus Stoinis,Middle,148,96,17,2,7,10,154.17,17.71,2.08,27.08,0.377,Moderate,batting allrounder
Marcus Stoinis,Powerplay,2,7,0,0,0,0,28.57,0.0,0.0,71.43,0.09,Low,batting allrounder
Mark Adair,Death,48,35,5,6,3,2,137.14,14.29,17.14,31.43,0.338,Moderate,bowling allrounder
Mark Adair,Middle,26,29,1,2,1,0,89.66,3.45,6.9,41.38,0.231,Low,bowling allrounder
Mark Chapman,Death,11,9,0,1,0,0,122.22,0.0,11.11,22.22,0.297,Low,allrounder
Mark Chapman,Middle,59,62,5,3,3,2,95.16,8.06,4.84,41.94,0.25,Low,allrounder
Mark Chapman,Powerplay,1,4,0,0,0,0,25.0,0.0,0.0,75.0,0.079,Low,allrounder
Mark Watt,Death,32,30,3,4,3,0,106.67,10.0,13.33,33.33,0.286,Low,bowler
Mark Watt,Middle,19,18,2,1,2,0,105.56,11.11,5.56,38.89,0.277,Low,bowler
Mark Wood,Death,1,1,0,0,0,0,100.0,0.0,0.0,0.0,0.315,Low,bowler
Marlon Samuels,Death,37,26,5,1,5,0,142.31,19.23,3.85,23.08,0.376,Moderate,top-order batter
Marlon Samuels,Middle,73,74,9,3,7,2,98.65,12.16,4.05,43.24,0.264,Low,top-order batter
Marlon Samuels,Powerplay,73,60,14,1,14,0,121.67,23.33,1.67,50.0,0.31,Low,top-order batter
Martin Guptill,Death,26,11,3,1,0,3,236.36,27.27,9.09,18.18,0.518,Moderate,opening batter
Martin Guptill,Middle,99,80,11,4,8,3,123.75,13.75,5.0,31.25,0.322,Low,opening batter
Martin Guptill,Powerplay,222,169,37,6,27,10,131.36,21.89,3.55,49.7,0.318,Low,opening batter
Mashrafe Mortaza,Death,24,13,4,1,2,2,184.62,30.77,7.69,38.46,0.428,Moderate,bowler
Mashrafe Mortaza,Middle,11,10,1,2,0,1,110.0,10.0,20.0,40.0,0.277,Low,bowler
Matheesha Pathirana,Death,0,5,0,1,0,0,0.0,0.0,20.0,100.0,0.0,Low,bowler
Matt Henry,Death,0,2,0,1,0,0,0.0,0.0,50.0,100.0,0.0,Low,bowler
Matt Henry,Middle,12,15,1,0,0,1,80.0,6.67,0.0,53.33,0.206,Low,bowler
Matt Machan,Death,22,15,1,0,0,1,146.67,6.67,0.0,20.0,0.349,Moderate,top-order batter
Matt Machan,Middle,29,19,2,0,1,1,152.63,10.53,0.0,21.05,0.366,Moderate,top-order batter
Matt Machan,Powerplay,9,6,2,1,2,0,150.0,33.33,16.67,50.0,0.373,Moderate,top-order batter
Matthew Cross,Death,5,7,0,0,0,0,71.43,0.0,0.0,28.57,0.225,Low,wicketkeeper batter
Matthew Cross,Middle,108,116,6,8,2,4,93.1,5.17,6.9,34.48,0.254,Low,wicketkeeper batter
Matthew Cross,Powerplay,100,101,15,3,13,2,99.01,14.85,2.97,54.46,0.25,Low,wicketkeeper batter
Matthew Wade,Death,68,39,10,1,8,2,174.36,25.64,2.56,23.08,0.432,Moderate,wicketkeeper batter
Matthew Wade,Middle,27,29,3,2,3,0,93.1,10.34,6.9,41.38,0.256,Low,wicketkeeper batter
Max O'Dowd,Death,56,44,7,4,4,3,127.27,15.91,9.09,36.36,0.322,Low,opening batter
Max O'Dowd,Middle,191,161,20,4,17,3,118.63,12.42,2.48,30.43,0.313,Low,opening batter
Max O'Dowd,Powerplay,172,172,22,6,20,2,100.0,12.79,3.49,50.0,0.254,Low,opening batter
Max Sorensen,Powerplay,9,7,0,1,0,0,128.57,0.0,14.29,14.29,0.32,Low,bowler
Mehidy Hasan Miraz,Middle,11,12,0,1,0,0,91.67,0.0,8.33,25.0,0.256,Low,allrounder
Mehidy Hasan Miraz,Powerplay,0,1,0,0,0,0,0.0,0.0,0.0,100.0,0.0,Low,allrounder
Mehran Khan,Death,38,28,5,3,4,1,135.71,17.86,10.71,28.57,0.353,Moderate,batter
Mehran Khan,Middle,17,16,1,3,0,1,106.25,6.25,18.75,31.25,0.279,Low,batter
Michael Bracewell,Middle,0,1,0,1,0,0,0.0,0.0,100.0,100.0,0.0,Low,batting allrounder
Michael Jones,Death,25,11,3,1,2,1,227.27,27.27,9.09,9.09,0.526,Moderate,top-order batter
Michael Jones,Middle,56,41,6,2,3,3,136.59,14.63,4.88,24.39,0.353,Moderate,top-order batter
Michael Jones,Powerplay,110,86,17,2,13,4,127.91,19.77,2.33,46.51,0.314,Low,top-order batter
Michael Leask,Death,114,62,15,7,8,7,183.87,24.19,11.29,24.19,0.436,Moderate,allrounder
Michael Leask,Middle,91,64,11,4,7,4,142.19,17.19,6.25,28.12,0.359,Moderate,allrounder
Michael Leask,Powerplay,6,14,1,0,1,0,42.86,7.14,0.0,78.57,0.114,Low,allrounder
Michael Levitt,Powerplay,19,22,3,3,2,1,86.36,13.64,13.64,63.64,0.213,Low,top-order batter
Michael van Lingen,Middle,8,7,1,1,1,0,114.29,14.29,14.29,42.86,0.289,Low,bowling allrounder
Michael van Lingen,Powerplay,115,112,14,9,12,2,102.68,12.5,8.04,51.79,0.252,Low,bowling allrounder
Milinda Siriwardana,Middle,13,11,2,2,2,0,118.18,18.18,18.18,36.36,0.318,Low,allrounder
Milinda Siriwardana,Powerplay,8,8,1,1,0,1,100.0,12.5,12.5,62.5,0.228,Low,allrounder
Milton Shumba,Death,13,14,0,1,0,0,92.86,0.0,7.14,21.43,0.264,Low,top-order batter
Milton Shumba,Middle,37,42,2,4,2,0,88.1,4.76,9.52,45.24,0.225,Low,top-order batter
Milton Shumba,Powerplay,22,25,3,1,3,0,88.0,12.0,4.0,52.0,0.234,Low,top-order batter
Mitchell Marsh,Death,34,29,4,3,3,1,117.24,13.79,10.34,34.48,0.308,Low,allrounder
Mitchell Marsh,Middle,224,150,27,7,14,13,149.33,18.0,4.67,30.67,0.365,Moderate,allrounder
Mitchell Marsh,Powerplay,136,111,21,1,16,5,122.52,18.92,0.9,46.85,0.304,Low,allrounder
Mitchell McClenaghan,Death,7,3,1,1,0,1,233.33,33.33,33.33,33.33,0.503,Moderate,bowler
Mitchell Santner,Death,78,50,8,5,3,5,156.0,16.0,10.0,26.0,0.376,Moderate,bowling allrounder
Mitchell Santner,Middle,22,21,1,1,1,0,104.76,4.76,4.76,33.33,0.268,Low,bowling allrounder
Mitchell Starc,Death,15,9,2,2,1,1,166.67,22.22,22.22,33.33,0.392,Moderate,bowler
Mitchell Starc,Middle,3,4,0,0,0,0,75.0,0.0,0.0,25.0,0.237,Low,bowler
Moeen Ali,Death,105,68,13,4,9,4,154.41,19.12,5.88,25.0,0.386,Moderate,batting allrounder
Moeen Ali,Middle,122,100,13,4,7,6,122.0,13.0,4.0,34.0,0.312,Low,batting allrounder
Moeen Ali,Powerplay,7,9,0,0,0,0,77.78,0.0,0.0,44.44,0.201,Low,batting allrounder
Mohammad Hafeez,Death,41,25,5,1,5,0,164.0,20.0,4.0,16.0,0.417,Moderate,allrounder
Mohammad Hafeez,Middle,85,60,10,3,7,3,141.67,16.67,5.0,31.67,0.35,Moderate,allrounder
Mohammad Hafeez,Powerplay,17,11,3,0,2,1,154.55,27.27,0.0,45.45,0.369,Moderate,allrounder
Mohammad Haris,Death,28,19,3,2,1,2,147.37,15.79,10.53,31.58,0.354,Moderate,wicketkeeper batter
Mohammad Haris,Middle,37,28,3,1,2,1,132.14,10.71,3.57,21.43,0.342,Moderate,wicketkeeper batter
Mohammad Haris,Powerplay,22,16,4,1,2,2,137.5,25.0,6.25,62.5,0.309,Low,wicketkeeper batter
Mohammad Mithun,Death,2,4,0,1,0,0,50.0,0.0,25.0,50.0,0.158,Low,top-order batter
Mohammad Mithun,Middle,15,11,2,1,1,1,136.36,18.18,9.09,45.45,0.321,Low,top-order batter
Mohammad Mithun,Powerplay,22,31,1,3,1,0,70.97,3.23,9.68,41.94,0.208,Low,top-order batter
Mohammad Nabi,Death,146,96,17,8,13,4,152.08,17.71,8.33,25.0,0.379,Moderate,allrounder
Mohammad Nabi,Middle,134,136,11,4,10,1,98.53,8.09,2.94,35.29,0.267,Low,allrounder
Mohammad Nadeem,Death,14,13,2,1,1,1,107.69,15.38,7.69,61.54,0.247,Low,allrounder
Mohammad Nadeem,Middle,27,26,2,1,0,2,103.85,7.69,3.85,38.46,0.266,Low,allrounder
Mohammad Nadeem,Powerplay,3,3,0,0,0,0,100.0,0.0,0.0,0.0,0.315,Low,allrounder
Mohammad Naim,Death,14,8,2,2,1,1,175.0,25.0,25.0,25.0,0.427,Moderate,opening batter
Mohammad Naim,Middle,75,53,7,0,5,2,141.51,13.21,0.0,16.98,0.369,Moderate,opening batter
Mohammad Naim,Powerplay,66,74,8,4,7,1,89.19,10.81,5.41,52.7,0.23,Low,opening batter
Mohammad Nawaz,Death,34,26,4,3,3,1,130.77,15.38,11.54,42.31,0.312,Low,allrounder
Mohammad Nawaz,Middle,42,38,5,2,4,1,110.53,13.16,5.26,47.37,0.272,Low,allrounder
Mohammad Rizwan,Death,87,42,13,2,8,5,207.14,30.95,4.76,21.43,0.489,Moderate,wicketkeeper batter
Mohammad Rizwan,Middle,210,182,14,5,9,5,115.38,7.69,2.75,24.73,0.307,Low,wicketkeeper batter
Mohammad Rizwan,Powerplay,255,257,30,6,22,8,99.22,11.67,2.33,50.58,0.248,Low,wicketkeeper batter
Mohammad Saifuddin,Death,18,8,3,1,2,1,225.0,37.5,12.5,12.5,0.547,Moderate,bowling allrounder
Mohammad Sami,Death,5,2,1,0,1,0,250.0,50.0,0.0,0.0,0.638,Moderate,bowler
Mohammad Shahzad,Middle,90,63,12,2,7,5,142.86,19.05,3.17,36.51,0.349,Moderate,wicketkeeper batter
Mohammad Shahzad,Powerplay,208,164,32,9,22,10,126.83,19.51,5.49,49.39,0.306,Low,wicketkeeper batter
Mohammad Wasim,Death,16,22,2,2,2,0,72.73,9.09,9.09,63.64,0.184,Low,bowling allrounder
Mohammed Shami,Death,0,2,0,1,0,0,0.0,0.0,50.0,100.0,0.0,Low,bowler
Mohammed Siraj,Death,7,5,0,1,0,0,140.0,0.0,20.0,20.0,0.322,Low,bowler
Monank Patel,Middle,31,25,4,2,3,1,124.0,16.0,8.0,40.0,0.311,Low,wicketkeeper batter
Monank Patel,Powerplay,35,29,6,0,6,0,120.69,20.69,0.0,48.28,0.305,Low,wicketkeeper batter
Mosaddek Hossain,Death,32,26,3,2,2,1,123.08,11.54,7.69,42.31,0.292,Low,middle-order batter
Mosaddek Hossain,Middle,10,13,1,2,0,1,76.92,7.69,15.38,69.23,0.173,Low,middle-order batter
Mudassar Bukhari,Death,14,5,2,1,1,1,280.0,40.0,20.0,0.0,0.643,Moderate,allrounder
Muhammad Waseem,Death,2,2,0,1,0,0,100.0,0.0,50.0,50.0,0.215,Low,opening batter
Muhammad Waseem,Middle,64,55,4,1,2,2,116.36,7.27,1.82,30.91,0.294,Low,opening batter
Muhammad Waseem,Powerplay,29,34,3,1,0,3,85.29,8.82,2.94,61.76,0.201,Low,opening batter
Mujeeb Ur Rahman,Death,0,3,0,2,0,0,0.0,0.0,66.67,100.0,0.0,Low,bowler
Munis Ansari,Middle,3,3,0,0,0,0,100.0,0.0,0.0,0.0,0.315,Low,bowler
Mushfiqur Rahim,Death,51,34,7,3,7,0,150.0,20.59,8.82,17.65,0.4,Moderate,wicketkeeper batter
Mushfiqur Rahim,Middle,105,91,11,3,7,4,115.38,12.09,3.3,37.36,0.295,Low,wicketkeeper batter
Mushfiqur Rahim,Powerplay,14,29,1,2,1,0,48.28,3.45,6.9,62.07,0.142,Low,wicketkeeper batter
Mustafizur Rahman,Death,10,7,1,2,0,1,142.86,14.29,28.57,42.86,0.322,Low,bowler
Mustafizur Rahman,Middle,12,13,1,2,0,1,92.31,7.69,15.38,69.23,0.191,Low,bowler
Najibullah Zadran,Death,137,83,18,6,11,7,165.06,21.69,7.23,28.92,0.398,Moderate,middle-order batter
Najibullah Zadran,Middle,161,135,19,5,13,6,119.26,14.07,3.7,42.22,0.295,Low,middle-order batter
Najibullah Zadran,Powerplay,8,7,1,0,1,0,114.29,14.29,0.0,57.14,0.26,Low,middle-order batter
Najmul Hossain Shanto,Death,18,7,3,1,2,1,257.14,42.86,14.29,14.29,0.597,Moderate,top-order batter
Najmul Hossain Shanto,Middle,89,79,9,5,8,1,112.66,11.39,6.33,32.91,0.298,Low,top-order batter
Najmul Hossain Shanto,Powerplay,98,110,11,3,10,1,89.09,10.0,2.73,50.91,0.231,Low,top-order batter
Naseem Khushi,Death,5,9,0,2,0,0,55.56,0.0,22.22,55.56,0.153,Low,wicketkeeper
Naseem Khushi,Middle,1,1,0,0,0,0,100.0,0.0,0.0,0.0,0.315,Low,wicketkeeper
Naseem Khushi,Powerplay,15,14,2,2,1,1,107.14,14.29,14.29,57.14,0.252,Low,wicketkeeper
Naseem Shah,Death,11,6,1,0,1,0,183.33,16.67,0.0,16.67,0.428,Moderate,bowler
Nasir Hossain,Death,3,6,0,1,0,0,50.0,0.0,16.67,50.0,0.158,Low,allrounder
Nasir Hossain,Middle,0,1,0,0,0,0,0.0,0.0,0.0,100.0,0.0,Low,allrounder
Nasum Ahmed,Death,26,16,4,2,2,2,162.5,25.0,12.5,43.75,0.375,Moderate,bowler
Nathan Coulter-Nile,Death,1,2,0,1,0,0,50.0,0.0,50.0,50.0,0.158,Low,bowling allrounder
Nathan McCullum,Death,0,1,0,1,0,0,0.0,0.0,100.0,100.0,0.0,Low,bowler
Navneet Dhaliwal,Middle,41,26,6,1,4,2,157.69,23.08,3.85,30.77,0.39,Moderate,middle-order batter
Navneet Dhaliwal,Powerplay,31,35,5,2,4,1,88.57,14.29,5.71,62.86,0.219,Low,middle-order batter
Neil Rock,Death,5,5,0,1,0,0,100.0,0.0,20.0,20.0,0.275,Low,wicketkeeper batter
Neil Rock,Middle,1,3,0,1,0,0,33.33,0.0,33.33,66.67,0.105,Low,wicketkeeper batter
Niall O'Brien,Death,0,1,0,1,0,0,0.0,0.0,100.0,100.0,0.0,Low,wicketkeeper batter
Niall O'Brien,Middle,16,10,1,0,1,0,160.0,10.0,0.0,10.0,0.395,Moderate,wicketkeeper batter
Niall O'Brien,Powerplay,4,7,0,0,0,0,57.14,0.0,0.0,42.86,0.18,Low,wicketkeeper batter
Nicholas Kirton,Death,39,24,5,2,3,2,162.5,20.83,8.33,29.17,0.392,Moderate,batting allrounder
Nicholas Kirton,Middle,62,43,5,0,3,2,144.19,11.63,0.0,20.93,0.359,Moderate,batting allrounder
Nicholas Kirton,Powerplay,0,5,0,0,0,0,0.0,0.0,0.0,100.0,0.0,Low,batting allrounder
Nicholas Pooran,Death,13,3,2,0,0,2,433.33,66.67,0.0,0.0,0.9,High,wicketkeeper batter
Nicholas Pooran,Middle,69,76,5,7,3,2,90.79,6.58,9.21,38.16,0.248,Low,wicketkeeper batter
Nicholas Pooran,Powerplay,82,55,14,2,10,4,149.09,25.45,3.64,50.91,0.347,Moderate,wicketkeeper batter
Nikolaas Davin,Middle,8,12,1,1,0,1,66.67,8.33,8.33,75.0,0.152,Low,batter
Nikolaas Davin,Powerplay,38,38,6,2,6,0,100.0,15.79,5.26,52.63,0.257,Low,batter
Nitish Kumar,Death,14,12,1,0,1,0,116.67,8.33,0.0,25.0,0.31,Low,top-order batter
Nitish Kumar,Middle,28,25,3,1,2,1,112.0,12.0,4.0,40.0,0.285,Low,top-order batter
Nizakat Khan,Death,17,11,2,2,0,2,154.55,18.18,18.18,36.36,0.36,Moderate,allrounder
Nizakat Khan,Middle,8,10,0,1,0,0,80.0,0.0,10.0,40.0,0.212,Low,allrounder
Noor Ali Zadran,Middle,46,59,2,4,1,1,77.97,3.39,6.78,44.07,0.212,Low,opening batter
Noor Ali Zadran,Powerplay,80,70,9,1,8,1,114.29,12.86,1.43,40.0,0.29,Low,opening batter
Norman Vanua,Death,8,16,0,3,0,0,50.0,0.0,18.75,50.0,0.158,Low,bowler
Norman Vanua,Middle,45,40,4,2,2,2,112.5,10.0,5.0,40.0,0.28,Low,bowler
Nosaina Pokana,Death,6,11,0,0,0,0,54.55,0.0,0.0,45.45,0.172,Low,bowler
Nurul Hasan,Death,28,29,2,5,1,1,96.55,6.9,17.24,41.38,0.249,Low,wicketkeeper batter
Nurul Hasan,Middle,36,38,1,2,1,0,94.74,2.63,5.26,34.21,0.249,Low,wicketkeeper batter
Nuwan Kulasekara,Death,7,8,0,1,0,0,87.5,0.0,12.5,25.0,0.251,Low,bowler
Nuwan Thushara,Death,1,5,0,0,0,0,20.0,0.0,0.0,80.0,0.063,Low,bowler
Obed McCoy,Death,2,3,0,0,0,0,66.67,0.0,0.0,33.33,0.21,Low,bowler
Obed McCoy,Middle,0,1,0,1,0,0,0.0,0.0,100.0,100.0,0.0,Low,bowler
Odean Smith,Death,23,17,3,1,1,2,135.29,17.65,5.88,52.94,0.303,Low,bowling allrounder
Odean Smith,Middle,4,5,0,0,0,0,80.0,0.0,0.0,20.0,0.252,Low,bowling allrounder
Pargat Singh,Middle,8,9,0,2,0,0,88.89,0.0,22.22,33.33,0.236,Low,allrounder
Pargat Singh,Powerplay,18,18,2,1,2,0,100.0,11.11,5.56,44.44,0.26,Low,allrounder
Pat Cummins,Death,24,13,4,4,1,3,184.62,30.77,30.77,53.85,0.398,Moderate,bowler
Pat Cummins,Middle,10,11,1,0,1,0,90.91,9.09,0.0,36.36,0.259,Low,bowler
Pathum Nissanka,Death,61,38,9,5,7,2,160.53,23.68,13.16,26.32,0.404,Moderate,top-order batter
Pathum Nissanka,Middle,213,169,16,5,10,6,126.04,9.47,2.96,24.26,0.325,Low,top-order batter
Pathum Nissanka,Powerplay,226,208,27,7,21,6,108.65,12.98,3.37,44.23,0.276,Low,top-order batter
Paul Stirling,Death,6,9,0,0,0,0,66.67,0.0,0.0,44.44,0.188,Low,batting allrounder
Paul Stirling,Middle,66,63,6,4,4,2,104.76,9.52,6.35,31.75,0.286,Low,batting allrounder
Paul Stirling,Powerplay,233,176,33,8,25,8,132.39,18.75,4.55,45.45,0.318,Low,batting allrounder
Paul van Meekeren,Death,47,28,7,2,6,1,167.86,25.0,7.14,32.14,0.404,Moderate,bowler
Paul van Meekeren,Middle,0,3,0,1,0,0,0.0,0.0,33.33,100.0,0.0,Low,bowler
Peter Borren,Death,12,6,1,1,1,0,200.0,16.67,16.67,16.67,0.447,Moderate,allrounder
Peter Borren,Middle,28,22,2,0,2,0,127.27,9.09,0.0,27.27,0.32,Low,allrounder
Peter Borren,Powerplay,15,9,3,1,3,0,166.67,33.33,11.11,33.33,0.426,Moderate,allrounder
Peter Nevill,Death,14,4,2,0,0,2,350.0,50.0,0.0,0.0,0.754,High,wicketkeeper
Phil Salt,Middle,8,4,1,1,0,1,200.0,25.0,25.0,25.0,0.456,Moderate,wicketkeeper batter
Phil Salt,Powerplay,54,31,9,2,6,3,174.19,29.03,6.45,38.71,0.411,Moderate,wicketkeeper batter
Pieter Seelaar,Death,17,19,1,1,1,0,89.47,5.26,5.26,31.58,0.256,Low,allrounder
Pieter Seelaar,Middle,11,20,1,1,1,0,55.0,5.0,5.0,65.0,0.148,Low,allrounder
Pieter Seelaar,Powerplay,0,1,0,0,0,0,0.0,0.0,0.0,100.0,0.0,Low,allrounder
Pikky Ya France,Death,4,9,0,2,0,0,44.44,0.0,22.22,66.67,0.118,Low,middle-order batter
Pratik Athavale,Death,0,2,0,1,0,0,0.0,0.0,50.0,100.0,0.0,Low,wicketkeeper batter
Pratik Athavale,Middle,29,18,3,0,1,2,161.11,16.67,0.0,16.67,0.403,Moderate,wicketkeeper batter
Pratik Athavale,Powerplay,31,24,5,2,5,0,129.17,20.83,8.33,45.83,0.32,Low,wicketkeeper batter
Preston Mommsen,Death,12,12,0,0,0,0,100.0,0.0,0.0,8.33,0.299,Low,opening batter
Preston Mommsen,Middle,35,33,2,1,2,0,106.06,6.06,3.03,33.33,0.274,Low,opening batter
Quinton de Kock,Death,5,3,1,1,1,0,166.67,33.33,33.33,33.33,0.426,Moderate,wicketkeeper batter
Quinton de Kock,Middle,106,91,11,5,8,3,116.48,12.09,5.49,32.97,0.305,Low,wicketkeeper batter
Quinton de Kock,Powerplay,268,184,46,8,35,11,145.65,25.0,4.35,46.74,0.35,Moderate,wicketkeeper batter
Rachin Ravindra,Middle,8,9,0,1,0,0,88.89,0.0,11.11,33.33,0.236,Low,batting allrounder
Rachin Ravindra,Powerplay,2,4,0,0,0,0,50.0,0.0,0.0,50.0,0.158,Low,batting allrounder
Rahmanullah Gurbaz,Death,41,18,6,3,2,4,227.78,33.33,16.67,16.67,0.529,Moderate,wicketkeeper batter
Rahmanullah Gurbaz,Middle,98,87,8,3,3,5,112.64,9.2,3.45,39.08,0.279,Low,wicketkeeper batter
Rahmanullah Gurbaz,Powerplay,150,104,20,5,11,9,144.23,19.23,4.81,46.15,0.332,Moderate,wicketkeeper batter
Rangana Herath,Death,6,10,0,3,0,0,60.0,0.0,30.0,50.0,0.169,Low,bowler
Rashid Khan,Death,82,51,12,6,7,5,160.78,23.53,11.76,41.18,0.374,Moderate,bowling allrounder
Rashid Khan,Middle,6,11,0,1,0,0,54.55,0.0,9.09,54.55,0.154,Low,bowling allrounder
Rashid Khan,Powerplay,12,12,2,0,1,1,100.0,16.67,0.0,66.67,0.232,Low,bowling allrounder
Rassie van der Dussen,Death,43,23,5,0,2,3,186.96,21.74,0.0,17.39,0.446,Moderate,top-order batter
Rassie van der Dussen,Middle,83,77,6,1,4,2,107.79,7.79,1.3,25.97,0.296,Low,top-order batter
Rassie van der Dussen,Powerplay,48,49,3,1,2,1,97.96,6.12,2.04,40.82,0.25,Low,top-order batter
Ravi Rampaul,Middle,3,8,0,1,0,0,37.5,0.0,12.5,62.5,0.118,Low,bowler
Ravichandran Ashwin,Death,29,23,3,2,2,1,126.09,13.04,8.7,30.43,0.324,Low,bowling allrounder
Ravichandran Ashwin,Middle,8,17,0,0,0,0,47.06,0.0,0.0,52.94,0.148,Low,bowling allrounder
Ravinderpal Singh,Middle,0,2,0,1,0,0,0.0,0.0,50.0,100.0,0.0,Low,batter
Ravindra Jadeja,Death,45,31,6,2,5,1,145.16,19.35,6.45,29.03,0.367,Moderate,allrounder
Ravindra Jadeja,Middle,7,13,0,2,0,0,53.85,0.0,15.38,53.85,0.154,Low,allrounder
Reeza Hendricks,Middle,9,11,1,1,1,0,81.82,9.09,9.09,45.45,0.231,Low,opening batter
Reeza Hendricks,Powerplay,54,57,7,7,6,1,94.74,12.28,12.28,54.39,0.237,Low,opening batter
Regis Chakabva,Middle,16,19,0,2,0,0,84.21,0.0,10.53,31.58,0.234,Low,wicketkeeper batter
Regis Chakabva,Powerplay,32,44,6,6,5,1,72.73,13.64,13.64,72.73,0.179,Low,wicketkeeper batter
Richard Ngarava,Death,24,17,2,4,0,2,141.18,11.76,23.53,47.06,0.304,Low,bowler
Richard Ngarava,Middle,2,3,0,0,0,0,66.67,0.0,0.0,33.33,0.21,Low,bowler
Richie Berrington,Death,91,59,10,4,6,4,154.24,16.95,6.78,25.42,0.378,Moderate,top-order batter
Richie Berrington,Middle,233,184,21,6,12,9,126.63,11.41,3.26,30.98,0.318,Low,top-order batter
Richie Berrington,Powerplay,15,32,1,2,1,0,46.88,3.12,6.25,65.62,0.132,Low,top-order batter
Richmond Mutumbami,Middle,10,8,1,2,0,1,125.0,12.5,25.0,37.5,0.307,Low,wicketkeeper batter
Richmond Mutumbami,Powerplay,20,24,4,1,4,0,83.33,16.67,4.17,66.67,0.213,Low,wicketkeeper batter
Rilee Rossouw,Death,12,8,1,1,0,1,150.0,12.5,12.5,25.0,0.361,Moderate,top-order batter
Rilee Rossouw,Middle,75,44,10,1,7,3,170.45,22.73,2.27,25.0,0.415,Moderate,top-order batter
Rilee Rossouw,Powerplay,48,32,6,3,2,4,150.0,18.75,9.38,43.75,0.342,Moderate,top-order batter
Rishabh Pant,Death,33,16,5,1,2,3,206.25,31.25,6.25,25.0,0.482,Moderate,wicketkeeper batter
Rishabh Pant,Middle,111,95,11,5,7,4,116.84,11.58,5.26,34.74,0.3,Low,wicketkeeper batter
Rishabh Pant,Powerplay,39,36,5,0,4,1,108.33,13.89,0.0,50.0,0.267,Low,wicketkeeper batter
Rishad Hossain,Death,2,4,0,1,0,0,50.0,0.0,25.0,50.0,0.158,Low,bowler
Roelof van der Merwe,Death,4,11,0,2,0,0,36.36,0.0,18.18,63.64,0.115,Low,bowling allrounder
Roelof van der Merwe,Middle,9,9,1,3,1,0,100.0,11.11,33.33,55.56,0.238,Low,bowling allrounder
Roelof van der Merwe,Powerplay,2,5,0,2,0,0,40.0,0.0,40.0,80.0,0.086,Low,bowling allrounder
Rohit Paudel,Death,1,3,0,1,0,0,33.33,0.0,33.33,66.67,0.105,Low,batting allrounder
Rohit Paudel,Middle,28,23,4,0,4,0,121.74,17.39,0.0,34.78,0.323,Low,batting allrounder
Rohit Paudel,Powerplay,10,11,1,0,1,0,90.91,9.09,0.0,72.73,0.187,Low,batting allrounder
Rohit Sharma,Middle,130,91,17,6,11,6,142.86,18.68,6.59,32.97,0.355,Moderate,top-order batter
Rohit Sharma,Powerplay,313,267,45,12,33,12,117.23,16.85,4.49,47.94,0.29,Low,top-order batter
Romario Shepherd,Death,3,6,0,1,0,0,50.0,0.0,16.67,50.0,0.158,Low,bowling allrounder
Romario Shepherd,Middle,10,8,1,0,0,1,125.0,12.5,0.0,37.5,0.307,Low,bowling allrounder
Ross Taylor,Death,65,39,7,3,4,3,166.67,17.95,7.69,28.21,0.39,Moderate,middle-order batter
Ross Taylor,Middle,30,41,1,0,1,0,73.17,2.44,0.0,41.46,0.209,Low,middle-order batter
Roston Chase,Death,26,9,5,0,4,1,288.89,55.56,0.0,0.0,0.7,High,allrounder
Roston Chase,Middle,41,36,3,1,2,1,113.89,8.33,2.78,22.22,0.312,Low,allrounder
Roston Chase,Powerplay,17,25,2,3,2,0,68.0,8.0,12.0,64.0,0.174,Low,allrounder
Rovman Powell,Death,22,20,2,3,0,2,110.0,10.0,15.0,45.0,0.267,Low,middle-order batter
Rovman Powell,Middle,41,39,4,3,4,0,105.13,10.26,7.69,38.46,0.275,Low,middle-order batter
Rovman Powell,Powerplay,1,5,0,1,0,0,20.0,0.0,20.0,80.0,0.063,Low,middle-order batter
Ruben Trumpelmann,Death,53,37,7,2,5,2,143.24,18.92,5.41,32.43,0.357,Moderate,bowler
Ruben Trumpelmann,Middle,12,16,1,1,0,1,75.0,6.25,6.25,62.5,0.18,Low,bowler
Ryan Burl,Death,32,35,1,2,1,0,91.43,2.86,5.71,28.57,0.257,Low,allrounder
Ryan Burl,Middle,73,61,12,2,10,2,119.67,19.67,3.28,49.18,0.299,Low,allrounder
Ryan Campbell,Powerplay,39,47,6,3,6,0,82.98,12.77,6.38,59.57,0.215,Low,wicketkeeper batter
Ryan ten Doeschate,Middle,0,1,0,1,0,0,0.0,0.0,100.0,100.0,0.0,Low,allrounder
Saad Bin Zafar,Death,7,10,1,1,1,0,70.0,10.0,10.0,60.0,0.191,Low,allrounder
Saad Bin Zafar,Middle,5,12,0,0,0,0,41.67,0.0,0.0,58.33,0.131,Low,allrounder
Sabbir Rahman,Death,2,3,0,1,0,0,66.67,0.0,33.33,33.33,0.21,Low,middle-order batter
Sabbir Rahman,Middle,87,53,12,2,9,3,164.15,22.64,3.77,24.53,0.408,Moderate,middle-order batter
Sabbir Rahman,Powerplay,74,62,9,2,8,1,119.35,14.52,3.23,40.32,0.301,Low,middle-order batter
Sadeera Samarawickrama,Middle,0,1,0,1,0,0,0.0,0.0,100.0,100.0,0.0,Low,wicketkeeper batter
Safyaan Sharif,Death,8,3,1,1,0,1,266.67,33.33,33.33,33.33,0.541,Moderate,bowler
Safyaan Sharif,Middle,4,7,0,1,0,0,57.14,0.0,14.29,42.86,0.18,Low,bowler
Saim Ayub,Powerplay,6,12,0,1,0,0,50.0,0.0,8.33,66.67,0.124,Low,top-order batter
Sam Curran,Death,11,12,1,1,0,1,91.67,8.33,8.33,50.0,0.231,Low,allrounder
Sam Curran,Middle,1,1,0,0,0,0,100.0,0.0,0.0,0.0,0.315,Low,allrounder
Samiullah Shinwari,Death,53,26,9,4,7,2,203.85,34.62,15.38,23.08,0.493,Moderate,allrounder
Samiullah Shinwari,Middle,72,68,5,1,4,1,105.88,7.35,1.47,27.94,0.288,Low,allrounder
Samuel Badree,Death,2,2,0,0,0,0,100.0,0.0,0.0,0.0,0.315,Low,bowler
Sandeep Goud,Death,0,2,0,1,0,0,0.0,0.0,50.0,100.0,0.0,Low,allrounder
Sandeep Goud,Middle,9,14,0,1,0,0,64.29,0.0,7.14,50.0,0.174,Low,allrounder
Sarfaraz Ahmed,Death,22,17,1,1,1,0,129.41,5.88,5.88,11.76,0.343,Moderate,wicketkeeper batter
Scott Edwards,Death,56,50,5,6,4,1,112.0,10.0,12.0,34.0,0.291,Low,wicketkeeper batter
Scott Edwards,Middle,95,105,9,5,8,1,90.48,8.57,4.76,44.76,0.241,Low,wicketkeeper batter
Scott Edwards,Powerplay,9,8,1,0,1,0,112.5,12.5,0.0,25.0,0.317,Low,wicketkeeper batter
Sean Williams,Death,37,20,5,2,5,0,185.0,25.0,10.0,20.0,0.448,Moderate,middle-order batter
Sean Williams,Middle,149,122,14,6,13,1,122.13,11.48,4.92,27.87,0.32,Low,middle-order batter
Sean Williams,Powerplay,52,51,6,2,5,1,101.96,11.76,3.92,47.06,0.259,Low,middle-order batter
Semo Kamea,Death,2,3,0,0,0,0,66.67,0.0,0.0,33.33,0.21,Low,bowler
Sese Bau,Death,1,3,0,2,0,0,33.33,0.0,66.67,66.67,0.105,Low,middle-order batter
Sese Bau,Middle,82,73,10,2,8,2,112.33,13.7,2.74,41.1,0.289,Low,middle-order batter
Sese Bau,Powerplay,17,30,2,2,2,0,56.67,6.67,6.67,70.0,0.145,Low,middle-order batter
Shadab Khan,Death,44,24,5,3,3,2,183.33,20.83,12.5,33.33,0.407,Moderate,allrounder
Shadab Khan,Middle,93,62,10,3,5,5,150.0,16.13,4.84,25.81,0.37,Moderate,allrounder
Shadab Khan,Powerplay,1,4,0,0,0,0,25.0,0.0,0.0,75.0,0.079,Low,allrounder
Shadley van Schalkwyk,Death,11,10,1,0,1,0,110.0,10.0,0.0,30.0,0.297,Low,allrounder
Shafiqullah,Death,66,43,9,4,6,3,153.49,20.93,9.3,34.88,0.37,Moderate,wicketkeeper batter
Shafiqullah,Middle,0,1,0,0,0,0,0.0,0.0,0.0,100.0,0.0,Low,wicketkeeper batter
Shaheen Shah Afridi,Death,48,29,6,2,3,3,165.52,20.69,6.9,24.14,0.405,Moderate,bowler
Shahid Afridi,Death,33,14,5,2,2,3,235.71,35.71,14.29,21.43,0.536,Moderate,allrounder
Shahid Afridi,Middle,48,33,7,2,4,3,145.45,21.21,6.06,39.39,0.353,Moderate,allrounder
Shakeel Ahmed,Death,25,21,3,2,3,0,119.05,14.29,9.52,33.33,0.314,Low,bowler
Shakib Al Hasan,Death,62,40,8,2,6,2,155.0,20.0,5.0,27.5,0.384,Moderate,allrounder
Shakib Al Hasan,Middle,234,210,21,12,16,5,111.43,10.0,5.71,29.52,0.3,Low,allrounder
Shakib Al Hasan,Powerplay,69,66,9,2,8,1,104.55,13.64,3.03,42.42,0.277,Low,allrounder
Shamarh Brooks,Middle,5,12,0,2,0,0,41.67,0.0,16.67,58.33,0.131,Low,top-order batter
Shamim Hossain,Death,2,2,0,1,0,0,100.0,0.0,50.0,50.0,0.215,Low,allrounder
Shamim Hossain,Middle,28,35,2,1,1,1,80.0,5.71,2.86,54.29,0.201,Low,allrounder
Shan Masood,Death,48,32,4,1,4,0,150.0,12.5,3.12,15.62,0.379,Moderate,opening batter
Shan Masood,Middle,108,88,7,2,6,1,122.73,7.95,2.27,22.73,0.32,Low,opening batter
Shan Masood,Powerplay,25,26,2,0,2,0,96.15,7.69,0.0,50.0,0.234,Low,opening batter
Shane Watson,Death,51,26,7,0,4,3,196.15,26.92,0.0,11.54,0.484,Moderate,allrounder
Shane Watson,Middle,17,15,2,1,1,1,113.33,13.33,6.67,40.0,0.291,Low,allrounder
Shane Watson,Powerplay,26,22,3,1,3,0,118.18,13.64,4.55,27.27,0.323,Low,allrounder
Shapoor Zadran,Death,1,2,0,1,0,0,50.0,0.0,50.0,50.0,0.158,Low,bowler
Sharafuddin Ashraf,Death,2,3,0,0,0,0,66.67,0.0,0.0,33.33,0.21,Low,allrounder
Shardul Thakur,Death,0,3,0,1,0,0,0.0,0.0,33.33,100.0,0.0,Low,bowler
Shariz Ahmad,Death,25,17,3,1,3,0,147.06,17.65,5.88,23.53,0.376,Moderate,bowler
Shariz Ahmad,Middle,1,2,0,0,0,0,50.0,0.0,0.0,50.0,0.158,Low,bowler
Sharjeel Khan,Middle,2,4,0,1,0,0,50.0,0.0,25.0,50.0,0.158,Low,opening batter
Sharjeel Khan,Powerplay,115,74,21,3,18,3,155.41,28.38,4.05,45.95,0.373,Moderate,opening batter
Shayan Jahangir,Powerplay,0,1,0,1,0,0,0.0,0.0,100.0,100.0,0.0,Low,batter
Shehan Jayasuriya,Middle,1,3,0,1,0,0,33.33,0.0,33.33,66.67,0.105,Low,batting allrounder
Sherfane Rutherford,Death,56,28,8,2,3,5,200.0,28.57,7.14,28.57,0.459,Moderate,middle-order batter
Sherfane Rutherford,Middle,37,33,3,0,1,2,112.12,9.09,0.0,33.33,0.29,Low,middle-order batter
Sherfane Rutherford,Powerplay,1,1,0,0,0,0,100.0,0.0,0.0,0.0,0.315,Low,middle-order batter
Shikhar Dhawan,Middle,1,2,0,1,0,0,50.0,0.0,50.0,50.0,0.158,Low,opening batter
Shikhar Dhawan,Powerplay,45,49,6,3,4,2,91.84,12.24,6.12,55.1,0.232,Low,opening batter
Shimron Hetmyer,Death,46,26,7,1,4,3,176.92,26.92,3.85,30.77,0.423,Moderate,top-order batter
Shimron Hetmyer,Middle,58,51,6,2,5,1,113.73,11.76,3.92,33.33,0.3,Low,top-order batter
Shimron Hetmyer,Powerplay,26,23,4,1,4,0,113.04,17.39,4.35,43.48,0.296,Low,top-order batter
Shivam Dube,Death,13,7,0,0,0,0,185.71,0.0,0.0,14.29,0.386,Moderate,allrounder
Shivam Dube,Middle,26,39,2,1,1,1,66.67,5.13,2.56,56.41,0.179,Low,allrounder
Shoaib Khan,Middle,11,27,1,2,1,0,40.74,3.7,7.41,74.07,0.11,Low,batter
Shoaib Malik,Death,163,84,19,3,9,10,194.05,22.62,3.57,14.29,0.463,Moderate,allrounder
Shoaib Malik,Middle,32,28,3,0,2,1,114.29,10.71,0.0,28.57,0.307,Low,allrounder
Shoriful Islam,Middle,0,2,0,1,0,0,0.0,0.0,50.0,100.0,0.0,Low,bowler
Shreyas Movva,Death,43,26,4,1,2,2,165.38,15.38,3.85,11.54,0.414,Moderate,wicketkeeper batter
Shreyas Movva,Middle,25,34,2,1,2,0,73.53,5.88,2.94,50.0,0.202,Low,wicketkeeper batter
Shuvagata Hom,Death,5,4,1,1,1,0,125.0,25.0,25.0,50.0,0.319,Low,batting allrounder
Shuvagata Hom,Middle,24,24,3,1,2,1,100.0,12.5,4.17,45.83,0.261,Low,batting allrounder
Sikandar Raza,Death,25,21,1,2,1,0,119.05,4.76,9.52,28.57,0.295,Low,batting allrounder
Sikandar Raza,Middle,213,144,25,5,14,11,147.92,17.36,3.47,33.33,0.356,Moderate,batting allrounder
Sikandar Raza,Powerplay,7,9,1,2,1,0,77.78,11.11,22.22,55.56,0.212,Low,batting allrounder
Simi Singh,Death,10,18,0,1,0,0,55.56,0.0,5.56,44.44,0.175,Low,bowling allrounder
Simi Singh,Middle,0,1,0,1,0,0,0.0,0.0,100.0,100.0,0.0,Low,bowling allrounder
Simon Atai,Death,4,5,0,1,0,0,80.0,0.0,20.0,40.0,0.212,Low,wicketkeeper batter
Simon Atai,Powerplay,2,4,0,2,0,0,50.0,0.0,50.0,75.0,0.108,Low,wicketkeeper batter
Sompal Kami,Middle,0,5,0,1,0,0,0.0,0.0,20.0,100.0,0.0,Low,bowling allrounder
Soumya Sarkar,Death,17,11,2,1,1,1,154.55,18.18,9.09,27.27,0.378,Moderate,batting allrounder
Soumya Sarkar,Middle,23,28,1,3,1,0,82.14,3.57,10.71,35.71,0.234,Low,batting allrounder
Soumya Sarkar,Powerplay,100,101,14,11,11,3,99.01,13.86,10.89,60.4,0.235,Low,batting allrounder
Stephan Baard,Middle,46,49,2,4,2,0,93.88,4.08,8.16,32.65,0.255,Low,batter
Stephan Baard,Powerplay,98,100,10,2,8,2,98.0,10.0,2.0,48.0,0.247,Low,batter
Stephan Myburgh,Middle,12,14,1,2,1,0,85.71,7.14,14.29,50.0,0.22,Low,opening batter
Stephan Myburgh,Powerplay,124,102,21,5,20,1,121.57,20.59,4.9,49.02,0.304,Low,opening batter
Steven Smith,Death,30,20,3,0,3,0,150.0,15.0,0.0,15.0,0.388,Moderate,top-order batter
Steven Smith,Middle,108,101,10,5,9,1,106.93,9.9,4.95,30.69,0.292,Low,top-order batter
Steven Smith,Powerplay,25,22,2,2,2,0,113.64,9.09,9.09,54.55,0.249,Low,top-order batter
Steven Taylor,Middle,19,19,2,1,0,2,100.0,10.53,5.26,57.89,0.231,Low,opening batter
Steven Taylor,Powerplay,17,29,1,2,1,0,58.62,3.45,6.9,58.62,0.161,Low,opening batter
Sultan Ahmed,Death,1,2,0,1,0,0,50.0,0.0,50.0,50.0,0.158,Low,wicketkeeper batter
Sultan Ahmed,Middle,1,3,0,1,0,0,33.33,0.0,33.33,66.67,0.105,Low,wicketkeeper batter
Suraj Kumar,Death,4,7,0,1,0,0,57.14,0.0,14.29,42.86,0.18,Low,wicketkeeper batter
Suranga Lakmal,Death,0,1,0,1,0,0,0.0,0.0,100.0,100.0,0.0,Low,bowler
Suresh Raina,Death,0,1,0,1,0,0,0.0,0.0,100.0,100.0,0.0,Low,middle-order batter
Suresh Raina,Middle,39,27,4,1,2,2,144.44,14.81,3.7,22.22,0.367,Moderate,middle-order batter
Suresh Raina,Powerplay,1,4,0,2,0,0,25.0,0.0,50.0,75.0,0.079,Low,middle-order batter
Suryakumar Yadav,Death,106,51,16,1,13,3,207.84,31.37,1.96,15.69,0.503,Moderate,batter
Suryakumar Yadav,Middle,168,124,21,4,16,5,135.48,16.94,3.23,33.06,0.341,Moderate,batter
Suryakumar Yadav,Powerplay,41,32,5,2,3,2,128.12,15.62,6.25,46.88,0.301,Low,batter
Sybrand Engelbrecht,Death,19,16,2,1,1,1,118.75,12.5,6.25,43.75,0.287,Low,allrounder
Sybrand Engelbrecht,Middle,61,54,5,1,4,1,112.96,9.26,1.85,33.33,0.291,Low,allrounder
Sybrand Engelbrecht,Powerplay,5,6,1,0,1,0,83.33,16.67,0.0,66.67,0.213,Low,allrounder
Tabraiz Shamsi,Death,1,1,0,0,0,0,100.0,0.0,0.0,0.0,0.315,Low,bowler
Tabraiz Shamsi,Middle,1,1,0,0,0,0,100.0,0.0,0.0,0.0,0.315,Low,bowler
Tamim Iqbal,Death,52,33,6,0,3,3,157.58,18.18,0.0,27.27,0.382,Moderate,opening batter
Tamim Iqbal,Middle,126,75,17,3,10,7,168.0,22.67,4.0,26.67,0.409,Moderate,opening batter
Tamim Iqbal,Powerplay,121,99,15,0,11,4,122.22,15.15,0.0,40.4,0.306,Low,opening batter
Tanwir Afzal,Death,33,25,3,1,2,1,132.0,12.0,4.0,36.0,0.316,Low,allrounder
Tanwir Afzal,Middle,0,3,0,0,0,0,0.0,0.0,0.0,100.0,0.0,Low,allrounder
Tanzid Hasan,Middle,12,8,2,1,2,0,150.0,25.0,12.5,37.5,0.373,Moderate,opening batter
Tanzid Hasan,Powerplay,37,33,6,2,5,1,112.12,18.18,6.06,54.55,0.275,Low,opening batter
Tanzim Hasan Sakib,Death,1,4,0,0,0,0,25.0,0.0,0.0,75.0,0.079,Low,bowler
Taskin Ahmed,Death,14,24,0,5,0,0,58.33,0.0,20.83,54.17,0.159,Low,bowler
Taskin Ahmed,Middle,26,27,3,1,2,1,96.3,11.11,3.7,48.15,0.248,Low,bowler
Teja Nidamanuru,Middle,0,1,0,1,0,0,0.0,0.0,100.0,100.0,0.0,Low,allrounder
Temba Bavuma,Death,11,7,1,1,0,1,157.14,14.29,14.29,28.57,0.367,Moderate,middle-order batter
Temba Bavuma,Middle,70,61,6,2,4,2,114.75,9.84,3.28,37.7,0.287,Low,middle-order batter
Temba Bavuma,Powerplay,80,77,9,5,8,1,103.9,11.69,6.49,45.45,0.264,Low,middle-order batter
Tendai Chatara,Death,22,26,2,3,2,0,84.62,7.69,11.54,46.15,0.228,Low,bowler
Thisara Perera,Death,31,20,5,2,3,2,155.0,25.0,10.0,40.0,0.374,Moderate,bowling allrounder
Thisara Perera,Middle,51,34,5,1,3,2,150.0,14.71,2.94,20.59,0.376,Moderate,bowling allrounder
Tillakaratne Dilshan,Death,20,13,3,1,3,0,153.85,23.08,7.69,23.08,0.401,Moderate,allrounder
Tillakaratne Dilshan,Middle,58,53,6,2,5,1,109.43,11.32,3.77,35.85,0.289,Low,allrounder
Tillakaratne Dilshan,Powerplay,48,40,7,2,4,3,120.0,17.5,5.0,50.0,0.291,Low,allrounder
Tim David,Death,35,21,5,2,4,1,166.67,23.81,9.52,19.05,0.426,Moderate,middle-order batter
Tim David,Middle,12,9,1,1,0,1,133.33,11.11,11.11,33.33,0.321,Low,middle-order batter
Tim Pringle,Death,33,46,0,5,0,0,71.74,0.0,10.87,52.17,0.178,Low,allrounder
Tim Pringle,Middle,18,22,2,1,1,1,81.82,9.09,4.55,54.55,0.213,Low,allrounder
Tim Seifert,Death,16,14,2,1,2,0,114.29,14.29,7.14,35.71,0.303,Low,wicketkeeper batter
Tim Southee,Death,6,4,1,1,1,0,150.0,25.0,25.0,25.0,0.398,Moderate,bowler
Timm van der Gugten,Death,0,1,0,1,0,0,0.0,0.0,100.0,100.0,0.0,Low,bowler
Tinashe Panyangara,Death,18,8,2,0,0,2,225.0,25.0,0.0,12.5,0.51,Moderate,bowler
Tom Cooper,Death,8,7,1,2,1,0,114.29,14.29,28.57,28.57,0.318,Low,middle-order batter
Tom Cooper,Middle,103,102,9,6,7,2,100.98,8.82,5.88,42.16,0.259,Low,middle-order batter
Tom Cooper,Powerplay,14,13,2,1,1,1,107.69,15.38,7.69,53.85,0.263,Low,middle-order batter
Tony Munyonga,Middle,5,4,1,1,1,0,125.0,25.0,25.0,50.0,0.319,Low,allrounder
Tony Munyonga,Powerplay,2,6,0,1,0,0,33.33,0.0,16.67,66.67,0.105,Low,allrounder
Tony Ura,Powerplay,24,36,1,5,1,0,66.67,2.78,13.89,55.56,0.174,Low,opening batter
Towhid Hridoy,Death,8,6,1,1,1,0,133.33,16.67,16.67,16.67,0.371,Moderate,top-order batter
Towhid Hridoy,Middle,78,60,8,2,2,6,130.0,13.33,3.33,43.33,0.303,Low,top-order batter
Towhid Hridoy,Powerplay,1,2,0,0,0,0,50.0,0.0,0.0,50.0,0.158,Low,top-order batter
Travis Head,Powerplay,80,45,14,2,9,5,177.78,31.11,4.44,44.44,0.41,Moderate,top-order batter
Trent Boult,Death,7,4,1,1,0,1,175.0,25.0,25.0,50.0,0.377,Moderate,bowler
Trent Boult,Middle,3,7,0,0,0,0,42.86,0.0,0.0,57.14,0.135,Low,bowler
Tristan Stubbs,Death,10,13,1,3,1,0,76.92,7.69,23.08,53.85,0.204,Low,batter
Tristan Stubbs,Middle,60,64,4,2,2,2,93.75,6.25,3.12,42.19,0.243,Low,batter
Tristan Stubbs,Powerplay,10,24,0,1,0,0,41.67,0.0,4.17,70.83,0.106,Low,batter
Umar Akmal,Death,10,13,0,3,0,0,76.92,0.0,23.08,46.15,0.196,Low,middle-order batter
Umar Akmal,Middle,66,49,6,1,4,2,134.69,12.24,2.04,28.57,0.335,Moderate,middle-order batter
Umar Akmal,Powerplay,1,1,0,0,0,0,100.0,0.0,0.0,0.0,0.315,Low,middle-order batter
Usman Ghani,Death,11,11,1,1,1,0,100.0,9.09,9.09,27.27,0.288,Low,opening batter
Usman Ghani,Middle,35,33,3,1,2,1,106.06,9.09,3.03,39.39,0.271,Low,opening batter
Usman Ghani,Powerplay,14,23,2,2,2,0,60.87,8.7,8.7,65.22,0.166,Low,opening batter
Usman Khan,Death,2,1,0,0,0,0,200.0,0.0,0.0,0.0,0.431,Moderate,top-order batter
Usman Khan,Middle,12,12,1,1,1,0,100.0,8.33,8.33,33.33,0.274,Low,top-order batter
Usman Khan,Powerplay,4,6,0,1,0,0,66.67,0.0,16.67,66.67,0.144,Low,top-order batter
Usman Khawaja,Middle,30,26,2,1,2,0,115.38,7.69,3.85,19.23,0.318,Low,top-order batter
Usman Khawaja,Powerplay,115,77,22,2,20,2,149.35,28.57,2.6,42.86,0.372,Moderate,top-order batter
Vikramjit Singh,Middle,31,29,3,3,0,3,106.9,10.34,10.34,51.72,0.251,Low,opening batter
Vikramjit Singh,Powerplay,89,93,12,5,10,2,95.7,12.9,5.38,55.91,0.237,Low,opening batter
Virat Kohli,Death,218,101,33,3,26,7,215.84,32.67,2.97,17.82,0.511,Moderate,top-order batter
Virat Kohli,Middle,315,269,28,5,24,4,117.1,10.41,1.86,26.77,0.313,Low,top-order batter
Virat Kohli,Powerplay,111,106,12,3,10,2,104.72,11.32,2.83,42.45,0.27,Low,top-order batter
Vriitya Aravind,Death,9,10,0,2,0,0,90.0,0.0,20.0,40.0,0.224,Low,wicketkeeper batter
Vriitya Aravind,Middle,23,34,2,2,2,0,67.65,5.88,5.88,58.82,0.178,Low,wicketkeeper batter
Vriitya Aravind,Powerplay,16,27,1,0,1,0,59.26,3.7,0.0,62.96,0.154,Low,wicketkeeper batter
Vusi Sibanda,Death,8,4,1,1,0,1,200.0,25.0,25.0,25.0,0.456,Moderate,opening batter
Vusi Sibanda,Middle,35,28,2,2,1,1,125.0,7.14,7.14,28.57,0.309,Low,opening batter
Vusi Sibanda,Powerplay,40,46,4,2,4,0,86.96,8.7,4.35,45.65,0.235,Low,opening batter
Wahab Riaz,Death,0,1,0,1,0,0,0.0,0.0,100.0,100.0,0.0,Low,bowler
Wanindu Hasaranga,Death,30,29,3,5,3,0,103.45,10.34,17.24,48.28,0.254,Low,allrounder
Wanindu Hasaranga,Middle,88,72,10,7,8,2,122.22,13.89,9.72,36.11,0.31,Low,allrounder
Wanindu Hasaranga,Powerplay,26,16,6,0,6,0,162.5,37.5,0.0,50.0,0.4,Moderate,allrounder
Wayne Parnell,Death,2,9,0,1,0,0,22.22,0.0,11.11,77.78,0.07,Low,bowler
Wayne Parnell,Middle,3,3,0,0,0,0,100.0,0.0,0.0,0.0,0.315,Low,bowler
Wellington Masakadza,Death,13,18,1,2,1,0,72.22,5.56,11.11,44.44,0.211,Low,bowler
Wellington Masakadza,Middle,1,7,0,0,0,0,14.29,0.0,0.0,85.71,0.045,Low,bowler
Wesley Barresi,Powerplay,17,16,2,2,1,1,106.25,12.5,12.5,43.75,0.273,Low,batter
Wessly Madhevere,Middle,22,10,3,1,2,1,220.0,30.0,10.0,10.0,0.524,Moderate,allrounder
Wessly Madhevere,Powerplay,87,72,13,7,12,1,120.83,18.06,9.72,50.0,0.294,Low,allrounder
Will Jacks,Middle,10,10,1,1,1,0,100.0,10.0,10.0,30.0,0.285,Low,batting allrounder
Will Jacks,Powerplay,1,6,0,1,0,0,16.67,0.0,16.67,83.33,0.053,Low,batting allrounder
William Porterfield,Middle,15,11,2,1,2,0,136.36,18.18,9.09,18.18,0.376,Moderate,batter
William Porterfield,Powerplay,27,23,3,1,2,1,117.39,13.04,4.35,65.22,0.244,Low,batter
Yasir Ali,Death,1,1,0,0,0,0,100.0,0.0,0.0,0.0,0.315,Low,middle-order batter
Yasir Ali,Middle,4,8,0,2,0,0,50.0,0.0,25.0,50.0,0.158,Low,middle-order batter
Yuvraj Singh,Death,3,6,0,1,0,0,50.0,0.0,16.67,66.67,0.124,Low,middle-order batter
Yuvraj Singh,Middle,45,35,4,2,2,2,128.57,11.43,5.71,22.86,0.337,Moderate,middle-order batter
Yuvraj Singh,Powerplay,5,11,1,1,1,0,45.45,9.09,9.09,81.82,0.116,Low,middle-order batter
Zahoor Khan,Death,1,1,0,0,0,0,100.0,0.0,0.0,0.0,0.315,Low,bowler
Zane Green,Death,20,17,3,4,2,1,117.65,17.65,23.53,47.06,0.295,Low,wicketkeeper batter
Zane Green,Middle,60,77,2,4,1,1,77.92,2.6,5.19,40.26,0.217,Low,wicketkeeper batter
Zane Green,Powerplay,33,44,3,2,3,0,75.0,6.82,4.55,59.09,0.189,Low,wicketkeeper batter
Zawar Farid,Death,2,4,0,0,0,0,50.0,0.0,0.0,50.0,0.158,Low,bowler
Zeeshan Maqsood,Death,15,13,1,1,0,1,115.38,7.69,7.69,30.77,0.295,Low,opening batter
Zeeshan Maqsood,Middle,43,52,4,5,3,1,82.69,7.69,9.62,46.15,0.226,Low,opening batter
Zeeshan Maqsood,Powerplay,54,49,10,2,10,0,110.2,20.41,4.08,57.14,0.274,Low,opening batter
